"Target","File","SizeBytes","Sha256"
".codex-chamfer-check.png",".codex-chamfer-check.png","944228","8EEEAC5C97EABFBBCE83B9293F163DE35828D0406CBEBDE0279F601CEA92D972"
".codex-legacy-mobile.png",".codex-legacy-mobile.png","848666","DC58F964BB6E779B9D483671FCEB8FE000A13FC9AA273D2101F61A18058F3425"
".codex-legacy-mobile-canvas.png",".codex-legacy-mobile-canvas.png","848659","4CEE4ACEE4C88575E2E3E5ABB1B159D88AE207315D4DA245AC8F18AE53C9F737"
".codex-local-preview.png",".codex-local-preview.png","597272","DF15E43B7025674D7FCE6B2D44132C731A61D69AC25F422AAFE1E6DF93E3CDAE"
".local-8080.err.log",".local-8080.err.log","10469","635EB8A18B351D328677BBE98CBE8D130A9DA5C2D7CE443619347AB893BE1DAA"
".local-8080.out.log",".local-8080.out.log","0","E3B0C44298FC1C149AFBF4C8996FB92427AE41E4649B934CA495991B7852B855"
".server.err.log",".server.err.log","9749","643C812D95D0106E24270055FD30A25FC135D1A8294C430A23030DF4B836302F"
".server.out.log",".server.out.log","0","E3B0C44298FC1C149AFBF4C8996FB92427AE41E4649B934CA495991B7852B855"
".server-8080.err.log",".server-8080.err.log","5764","161B31B0BFB989AFFEE42E90B2F36B51EA5BF6088BD4B709BFA5F1EC40FFEF51"
".server-8080.out.log",".server-8080.out.log","0","E3B0C44298FC1C149AFBF4C8996FB92427AE41E4649B934CA495991B7852B855"
".tmp_admin_check.js",".tmp_admin_check.js","388248","4DFA3B97C00A61AC5CDD876B484F5EC89F9AEABD07339DFAD956A7FA7B655A7C"
".tmp_admin_forms_check.js",".tmp_admin_forms_check.js","420198","C899DC1FF2A9BB238E2664A1711BF19972570275D4664C2DB901BF3F730F3BFB"
".tmp_admin_guard_check.js",".tmp_admin_guard_check.js","421917","8580727A18AEC749B5EBEDDB24D5DDD12EC70822B982A0D31453BB3B43903707"
".tmp_index_check.js",".tmp_index_check.js","356559","7DB4E060852D8CA8CD4A3C73640F371AC29FCC7C63AB8CF8CBB305E165E29573"
".tmp_inline_check.js",".tmp_inline_check.js","376536","0B884C523E3C053C772E0762863F9E4ADBBBE420020381C475022037DCE0BE48"
".tmp_password_pref_check.js",".tmp_password_pref_check.js","445011","4BBFFA37CA66E670CD3564FB8836AD55447F170673465EDC22B6C84A326D3EA6"
".tmp_tenant_password_flow_check.js",".tmp_tenant_password_flow_check.js","435125","2E29170E316CA24C006E59332985EC136C868E6E34558203678A084AB5123B1A"
"_script_1.js","_script_1.js","580","98AD960807B5D310EDEF26533A9D4E790D80F5F0F35DA5DE60624E42EBD6A35F"
"_script_2.js","_script_2.js","0","E3B0C44298FC1C149AFBF4C8996FB92427AE41E4649B934CA495991B7852B855"
"_script_3.js","_script_3.js","0","E3B0C44298FC1C149AFBF4C8996FB92427AE41E4649B934CA495991B7852B855"
"_script_4.js","_script_4.js","0","E3B0C44298FC1C149AFBF4C8996FB92427AE41E4649B934CA495991B7852B855"
"_script_5.js","_script_5.js","0","E3B0C44298FC1C149AFBF4C8996FB92427AE41E4649B934CA495991B7852B855"
"_script_6.js","_script_6.js","0","E3B0C44298FC1C149AFBF4C8996FB92427AE41E4649B934CA495991B7852B855"
"_script_7.js","_script_7.js","0","E3B0C44298FC1C149AFBF4C8996FB92427AE41E4649B934CA495991B7852B855"
"_script_8.js","_script_8.js","510122","710152BFA64CF82259DD99C0ACAE37BDB1AEF540346F76157E6DBD4B8BC4BF57"
"add_return_metal.js","add_return_metal.js","1188","6A793BF6E30D8B569EFBB9A075AF2AF0D703F8023F48344CD208394397C01442"
"adjust_curves_x.js","adjust_curves_x.js","1829","C8D5440D7D5CE07B1A342B284E13C9F794E3C4C0E07CBE280A0912CD5E185EBA"
"adjust_curves_x_v2.js","adjust_curves_x_v2.js","2466","64F41482AF0B7C7509659A11F757E238D02E9A1236A77C57DEE031C96E499079"
"adjust_curves_x_v3.js","adjust_curves_x_v3.js","1297","F7395E85DE1ECCCDB19167C86CBF27E89A34D4E43B91B0886B8C1C94F4220443"
"adjust_curves_y_v2.js","adjust_curves_y_v2.js","1269","FDB20903E3F683A63A279A9487495EF6BA30A157D30C3034622C8A2FA0909BA3"
"adjust_curves_z.js","adjust_curves_z.js","1192","2BEA697F94C8818AB391A94E71D041101DDE0BB1956451DE30B78E6D7F00D60A"
"adjust_esc_y.js","adjust_esc_y.js","1020","53C8EFE5B2E8A4437E382E6C15F36737C9A79022BF9C983180FD5B06E4FC086D"
"adjust_spawn.js","adjust_spawn.js","955","B30818F2528AA4C683FD6FAF1E104EA9B8BD36CAC9E6CD4FDB43F8B0B2B6CB38"
"adjust_top_curve.js","adjust_top_curve.js","1182","5ED0561E9F2C96378D12058361B05BEAF4614E8D83B3E8C9868004EE98268396"
"adjust_top_v2.js","adjust_top_v2.js","1125","6F7DB91CDC4DA8747C763A497102BA9D811E386FE0AB01A9C8D9A32EC650F46F"
"align_curves_x.js","align_curves_x.js","1246","CAEB77464FAC6A56B98A27FBDB79B53C283B0A604305609CE149FBC0DA7BE536"
"app.js","app.js","78128","0D4295DF5F049068989C535E8543B173E225055842FB81532094040D95782FB7"
"backups\backup-20260613-110156","backups\backup-20260613-110156\.vercelignore","751","B081469B0F8573D63414916E842BBEAD63CD8E5E02E7AD4C15BC880561992F51"
"backups\backup-20260613-110156","backups\backup-20260613-110156\index.html","57142","E8B5970CF9483D123B832CBE0648F4D446C925C7753D41ED6ED26D8654648801"
"backups\backup-20260613-110156","backups\backup-20260613-110156\vercel.json","1755","574AEAA49F7E21DB8420020625473C766856A86CFE69AD9DE6163868DF33AC0C"
"backups\backup-20260613-110156","backups\backup-20260613-110156\assets\avatars\model.glb","3877680","3E743BEA339054B68D604B5C15638DBB7B585B8D98D26E7B6F2798E723A75861"
"backups\backup-20260613-110156","backups\backup-20260613-110156\assets\vendor\sb-client\client-v2.min.js","199913","EA4006892531BE2F916470B10F358DBE0E59B312C311139FE25482A73672FA31"
"backups\backup-20260613-110156","backups\backup-20260613-110156\assets\vendor\three\GLTFLoader.r128.js","96550","5C15967BA830918A9CAEA6338712C994C354BCCD4EDC4569BDE411C3EC06A3E6"
"backups\backup-20260613-110156","backups\backup-20260613-110156\assets\vendor\three\OrbitControls.r128.js","26375","02BB4ADE710F3E607329E37A21F098BC3AC70EB6E33DAF8A65E79F4DB785E7B2"
"backups\backup-20260613-110156","backups\backup-20260613-110156\assets\vendor\three\SkeletonUtils.r128.js","11872","CC2E2E1A3183AB55169D185565F86F43F80C6DFAFE73610D991E741EA990AC1A"
"backups\backup-20260613-110156","backups\backup-20260613-110156\assets\vendor\three\three.r128.min.js","603445","9274BBCEC8D96168626C732B5D31C775AA8CFB7EAA0599BEC0C175908A2C1CE2"
"backups\backup-20260613-110156","backups\backup-20260613-110156\css\mall.css","77045","021379FFA48A449B1240A4C16B8018795BC6FEBBA83713E93FAB22A163F90F81"
"backups\backup-20260613-110156","backups\backup-20260613-110156\js\mall\mall-boot.js","9341","FE70CF65F06A5163F063F6FB33014FAAD546DE51482E093A04D29416EEE2D092"
"backups\backup-20260613-110156","backups\backup-20260613-110156\js\mall\mall-constants.backup-20260522-zoom.js","19450","21981B5A1B7B32A6006CE797BF1F538871D61B42F0245F227F97720C7CD75F83"
"backups\backup-20260613-110156","backups\backup-20260613-110156\js\mall\mall-constants.js","19720","A570365A9BD8D8F90FD16C37A64704686AD4B27BEAD4F7674E357DCE03130DA6"
"backups\backup-20260613-110156","backups\backup-20260613-110156\js\mall\mall-interaction.js","6484","29D574AB2D51DD759485F966850599E62345F0520794250D69C33E00A42FE6B6"
"backups\backup-20260613-110156","backups\backup-20260613-110156\js\mall\mall-main.js","22781","052C0084089E22F207D8B30A2ACA2249E7F93635C1D0384BACB374E8AE84085B"
"backups\backup-20260613-110156","backups\backup-20260613-110156\js\mall\mall-multiplayer.js","15818","E51323F78692E74B36B58A3610330CE5777B9346F2ACD6D80859C207905CE523"
"backups\backup-20260613-110156","backups\backup-20260613-110156\js\mall\mall-navigation.backup-20260522-zoom.js","16841","7541F66973A67BE769BC4503AF14475C489F36AEF003DE5B58EA1A7A4CE15A3F"
"backups\backup-20260613-110156","backups\backup-20260613-110156\js\mall\mall-navigation.backup-20260522.js","13883","73F78728C62A98A5172EDA6234F19CA6711AEB7A3517EE3D37F3AD0879CD6FDA"
"backups\backup-20260613-110156","backups\backup-20260613-110156\js\mall\mall-navigation.js","18973","68C2E4E16349CD6134F9DED8D1472543D58CB8D9F6BCC13C6B87F9B01C9D108B"
"backups\backup-20260613-110156","backups\backup-20260613-110156\js\mall\mall-npc.backup-20260522.js","17637","E514B03DDCB866842BDF59F9BB5C126CD37075E7940834A1A8EDC428B4A7A810"
"backups\backup-20260613-110156","backups\backup-20260613-110156\js\mall\mall-npc.js","21587","E397AFAAC028FE24ADC671B97BE13C7078387D178CD3D80CA1C9E76E4E3F1FE3"
"backups\backup-20260613-110156","backups\backup-20260613-110156\js\mall\mall-physics.backup-20260522.js","6093","DEA81DEB2D4F904741CE6CD7BD84A490C110E3D732366FBBDCB0E15DC95B068B"
"backups\backup-20260613-110156","backups\backup-20260613-110156\js\mall\mall-physics.js","7452","435A04CD16F291B96D36BCBD364405C0541CD71AA5C51D25AC3364A7BA568315"
"backups\backup-20260613-110156","backups\backup-20260613-110156\js\mall\mall-stores.js","22057","26F0E0709C768FD83CFAE87F256A85A2C2756884A944E8FD26D28A073DB3AF03"
"backups\backup-20260613-110156","backups\backup-20260613-110156\js\mall\mall-ui.js","221480","A8E1441CEDB26E4CCB902F4E69DC1D37EF5942CED321CF289AACE4205A523FBD"
"backups\backup-20260613-110156","backups\backup-20260613-110156\js\mall\mall-world.backup-20260522-zoom.js","190432","D1BFB3EAFE51692E49404E85DA5C45ACE97C60322EE84D4F700FD9C3F05D4690"
"backups\backup-20260613-110156","backups\backup-20260613-110156\js\mall\mall-world.js","191267","8D7D643E31B4B6B68B388FB8CD5D1150C2D61F3BFD9DCB9E6CB715C3FFDEF5E9"
"backups\backup-20260613-110156","backups\backup-20260613-110156\supabase\admin_delete_accounts.sql","4338","8DDBE4DD15CB5CBDD3A3CF79A2087873E12F41961B27F415060107B4A0C6EDC1"
"backups\backup-20260613-110156","backups\backup-20260613-110156\supabase\admin_enable_current_schema.sql","6490","0C217A7E28AD1791AC6E9253236572287AE5BFEB3A01815728AB2F92F9131C78"
"backups\backup-20260613-110156","backups\backup-20260613-110156\supabase\admin_login_hardening_20260530.sql","3019","EBB8DDB9751B2A74C54AD63D4661949489CE2ACF405DB480C9BF946F0318C077"
"backups\backup-20260613-110156","backups\backup-20260613-110156\supabase\diagnose_store_asset_access.sql","1798","C17E9E06E2B9770BB4ACAEC469D502E1E957A0409FE5AEB5F16D2F68FC1B2323"
"backups\backup-20260613-110156","backups\backup-20260613-110156\supabase\generate_physical_space_plate_report.py","7520","5CF2F5B0C640165774DB3BD1C94B1E8947CE83B76E4BD9CEDC4AB870012A43BC"
"backups\backup-20260613-110156","backups\backup-20260613-110156\supabase\mall_access_schema.sql","12525","2D969F78F24BFF20524EAE789614D0EBF996CDD32AAF5CD1C591CF50B05F9D6D"
"backups\backup-20260613-110156","backups\backup-20260613-110156\supabase\mall_current_setup.sql","35196","9EA037C5B28F11D49B03E0C9D851BCE0B5039E3E230A10DFB57ABD4A4325733B"
"backups\backup-20260613-110156","backups\backup-20260613-110156\supabase\normalize_store_identifiers_to_display_codes.sql","7022","8718B2712C5E5240426E961F087FD90538BD6924F24225AE89738B80AFB6E3E5"
"backups\backup-20260613-110156","backups\backup-20260613-110156\supabase\physical_spaces_bootstrap_20260520.sql","25297","A081836E600064BAE607197EB94F4E47AF63CEA4DAA0455B70120A847FE3AF66"
"backups\backup-20260613-110156","backups\backup-20260613-110156\supabase\physical_space_plate_report.csv","16624","4DBB5C5CA07CFF9F9A5607AD301548236A898B9A1D07E5D25394392CF88A304C"
"backups\backup-20260613-110156","backups\backup-20260613-110156\supabase\physical_space_plate_report.md","3622","D1B75B27F7061CADCAF72E7ED881CAF500685E3FC02DBBC7147F0BE52B5DC8F3"
"backups\backup-20260613-110156","backups\backup-20260613-110156\supabase\rebuild_stores_to_display_codes.sql","9145","86D6C370836DC0EFFDDC7C7391B62F5DB5577F32AB82775358414B89F506BDCD"
"backups\backup-20260613-110156","backups\backup-20260613-110156\supabase\rebuild_stores_to_display_codes_stepwise.sql","10040","FC2386A7AC6A93175E38355F736601C87C7A138A6EA3F4BA10DF073E90A43444"
"backups\backup-20260613-110156","backups\backup-20260613-110156\supabase\rebuild_store_catalog_from_physical_spaces.sql","10634","4FDE02BA3135155DB9AB5D177146A66F3480F480A5E15ABB00DA8B9D6263D19E"
"backups\backup-20260613-110156","backups\backup-20260613-110156\supabase\rename_store_E101_to_OS-10.sql","654","2FE1E822F31439BE711CA01A2BE59A6CE07A7E16E950F85A5E223C9204083B6E"
"backups\backup-20260613-110156","backups\backup-20260613-110156\supabase\rename_store_E102_to_S-108.sql","653","15C8B9C127ADB3C617122B7ECD197B8C3A4B8C90E2DBD7D4F8C4635C8DA04763"
"backups\backup-20260613-110156","backups\backup-20260613-110156\supabase\rename_store_E103_to_S-106.sql","653","154D02D03245767A8E999CC20615B65CB9731800FBADFD73A07D67D282362208"
"backups\backup-20260613-110156","backups\backup-20260613-110156\supabase\rename_store_E104_to_S-104.sql","653","09B2AE2C2854C0EA68059B0179DA59774D136000387D6FC49F4C002732BAD842"
"backups\backup-20260613-110156","backups\backup-20260613-110156\supabase\rename_store_E105_to_S-102.sql","653","E775548A1F5B0A74549F8CD8CE7B3B649CB03C047D01BEA41ED7BBD8B01F759B"
"backups\backup-20260613-110156","backups\backup-20260613-110156\supabase\rename_store_N105_to_O-102.sql","654","6B6AAA5F95B9FBBD93C5A26D1912B362AA8C4200AD5D547378F7D1FF36DD1F47"
"backups\backup-20260613-110156","backups\backup-20260613-110156\supabase\rename_store_O101_to_SE-10.sql","654","D56837655012872E6EC7D949AA727D792EB6981918B0876369D62EC4C7BE2D78"
"backups\backup-20260613-110156","backups\backup-20260613-110156\supabase\rename_store_O102_to_S-107.sql","653","9821DA74F8DD681B515F6556C18E82280BF3F9848CA24E26E011BC2EB24B9462"
"backups\backup-20260613-110156","backups\backup-20260613-110156\supabase\rename_store_O103_to_S-105.sql","653","5978748CCFA2A6FA65F59AB53F768680BBED59FC785121ACCF314EC8AC1D90B9"
"backups\backup-20260613-110156","backups\backup-20260613-110156\supabase\rename_store_O104_to_S-103.sql","653","ADB2BAD0487DE28D64DE563A5088816AFF902D8AE928E22F3BB0AE34B40DEAC6"
"backups\backup-20260613-110156","backups\backup-20260613-110156\supabase\rename_store_O105_to_S-101.sql","653","7F3A42A52BE2DD3C935FF524FC664E5A9F315A270D9E17C648485603C2D48554"
"backups\backup-20260613-110156","backups\backup-20260613-110156\supabase\rename_store_S105_to_O-101.sql","654","5C24D9BB98B62A506056BAFF42198201B7F700DB918ABA86DBA99F953FFD61CF"
"backups\backup-20260613-110156","backups\backup-20260613-110156\supabase\rename_west_arm_batch_20260519.sql","2100","85D2828881197B375265E78A4F3DD7CB7B6D919A2B83E3A6E380D27224DA084B"
"backups\backup-20260613-110156","backups\backup-20260613-110156\supabase\rental_management_examples.sql","3618","33432EBA782C34086E07AE7C5F397E725775E9DFEBC0E8F101F3C2968281DDAD"
"backups\backup-20260613-110156","backups\backup-20260613-110156\supabase\rls_security_hardening_20260603.sql","4013","65DB3EFCD2DF3A14D17D3291A7660F6A73E4FB18377E865FC9645AE7A51BB563"
"backups\backup-20260613-110156","backups\backup-20260613-110156\supabase\seed_store_physical_links_from_display_codes_20260520.sql","1082","4598459D299E521A92F53E53C9D22AD990701CEFBB60F319285A35E9DEA9B017"
"backups\backup-20260613-110156","backups\backup-20260613-110156\supabase\store_assets_owner_only_hardening_20260530.sql","2285","ECF5C72551BD30141ABFF966FEAE99483EAC753A891CB5DA27FF01D1CDEDC535"
"backups\backup-20260613-110156","backups\backup-20260613-110156\supabase\store_assets_storage.sql","2755","961E50C52624EEEEC23E8FD87146BBA962A7FC7E590D6AD197C08DE80896AAE0"
"backups\backup-20260613-110156","backups\backup-20260613-110156\supabase\store_products_local_code_fix.sql","1943","F95D1F7F0A2830CE1FC4E2D24EB11FEA33640DF15E5677F2F6E8BB6C5F23E2B8"
"backups\backup-20260613-110156","backups\backup-20260613-110156\supabase\sync_physical_spaces_display_codes_from_3d.sql","4395","717486B5F859E492FCFFF74ED626F0359DF5174FD58B27E724295B9778A7B1D9"
"backups\backup-20260613-110156","backups\backup-20260613-110156\supabase\sync_physical_spaces_display_codes_official.sql","5632","217E67FECD9C26BD849D81D04AE8EE7FB2908F3A2B55905C3CC026EBA46A3F05"
"backups\backup-20260613-110156","backups\backup-20260613-110156\supabase\telegram_message_webhook_20260603.sql","1594","CCDD0B017F658DA7401EF2C59BAB0CD177EEC18A94BDEE6889318DA47615B3A5"
"backups\backup-20260613-110156","backups\backup-20260613-110156\supabase\validate_physical_spaces_official.sql","6636","04FCAA3ECD5C6DD379E86781CD6FB259A77718A887FEEF0468174FEB32D9E523"
"backups\backup-20260613-110156","backups\backup-20260613-110156\supabase\.temp\cli-latest","8","24EAD02DA99BAD4BB67BA6D66535DD6E3DF2C2DFCE298CB53603BFAEA4D9B116"
"backups\backup-20260613-110156","backups\backup-20260613-110156\supabase\functions\telegram-bot\index.ts","9029","7E949E66E9A97F6D3717467CFF81D68204E8EC620E9B1DE75A2F4B97116B1B90"
"backups\chamfer_alternative_2x2_20260717_061742","backups\chamfer_alternative_2x2_20260717_061742\index.html","62408","9AFA98954FAF93A564E594009D046A17C5EC42DF116B35D1F5920E0A410A22F0"
"backups\chamfer_alternative_2x2_20260717_061742","backups\chamfer_alternative_2x2_20260717_061742\README.txt","237","9E49E532914204EA27400D31C1A74DD313AA27CC737960DD3029FE97638A9218"
"backups\chamfer_alternative_2x2_20260717_061742","backups\chamfer_alternative_2x2_20260717_061742\js\mall\mall-world.js","238446","10299792762205BC3F47D2CE529F0D9CB8859EB66B8EACE158F349AAF9408C8E"
"backups\MALL_FULL_BKP_20260718_225153_SECOND_FLOOR_WIDENED_PILLARS_050.zip","backups\MALL_FULL_BKP_20260718_225153_SECOND_FLOOR_WIDENED_PILLARS_050.zip","13114935","49ABB20B9270BB4D1595AEC7BA5BB58C2AF44227D6252E516D22090F93FC064F"
"backups\pre_central_escalator_handrail_return_20260719_120042","backups\pre_central_escalator_handrail_return_20260719_120042\index.html","63868","79E15A01902310EB37AE7BF58934ADCEB30C7A152AF2D47264E2B4E55819C57B"
"backups\pre_central_escalator_handrail_return_20260719_120042","backups\pre_central_escalator_handrail_return_20260719_120042\js\mall\mall-world.js","233529","69D66D9F54D842AD0F4BF52CF10E8C339B80F0EF3F1A6A4A82D463FCC1A25E64"
"backups\pre_chamfer_20260717_010510","backups\pre_chamfer_20260717_010510\index.html","62389","A4F3D6B3134D0AE7F6C79A8C5EEC79BD684DC76133792E148B5DFDF05220609C"
"backups\pre_chamfer_20260717_010510","backups\pre_chamfer_20260717_010510\js\mall\mall-world.js","231674","46763CF0BF5979019B1A5C101C56C3B1ADA25FFB1A87E4365DF54BC1F0E7F6FD"
"backups\pre_handrail_smaller_return_housing_20260719_122251","backups\pre_handrail_smaller_return_housing_20260719_122251\index.html","63873","4AA351450BE7C2F47769757F4E31162BD50698CEED271B9B1593699F03E5565D"
"backups\pre_handrail_smaller_return_housing_20260719_122251","backups\pre_handrail_smaller_return_housing_20260719_122251\js\mall\mall-world.js","236572","E97CF875BB276026EFB9AE8081756584F99C592C0BB2CB21078A3E2D524FB44B"
"backups\pre_npc_natural_navigation_20260719_124748","backups\pre_npc_natural_navigation_20260719_124748\index.html","63874","9AFD5BF1C852C339480ABA228D0C38349662BB0EC0C0DA7BC49B626A12136808"
"backups\pre_npc_natural_navigation_20260719_124748","backups\pre_npc_natural_navigation_20260719_124748\js\mall\mall-npc.js","24870","DC2672E17CF19EFA870F3BA0D69E40EFDB8D4F75D2C7545242DEBAD3F58AFD77"
"backups\pre_npc_navigation_graph_20260719_142103","backups\pre_npc_navigation_graph_20260719_142103\index.html","63878","ED78BA745E7477C255D7A3CB64B9D05690813E3E72E3A92DD817664168EF0110"
"backups\pre_npc_navigation_graph_20260719_142103","backups\pre_npc_navigation_graph_20260719_142103\mall-npc.js","34291","3812A69E32215683150EA3EA8BD607407FA315188C7259B2EF8CE714541922CF"
"backups\pre_pillar_inset_20260718_223934","backups\pre_pillar_inset_20260718_223934\index.html","63806","94AE7CECBB8ADAA2A3880A1F8E24C6DB3F9F8E95EF50569AEF9A856E507261D1"
"backups\pre_pillar_inset_20260718_223934","backups\pre_pillar_inset_20260718_223934\js\mall\mall-world.js","233464","A19F341A2132F61961A9933B070C743604AA304B1E9B28AA88AB3DE608857507"
"backups\pre_second_floor_widening_20260718_215045","backups\pre_second_floor_widening_20260718_215045\index.html","63808","8FCE3E1152E99122B9DCECC30B5259C619A55A4DC5A1C3B3B42C20030ABDEEBC"
"backups\pre_second_floor_widening_20260718_215045","backups\pre_second_floor_widening_20260718_215045\js\mall\mall-physics.js","7452","435A04CD16F291B96D36BCBD364405C0541CD71AA5C51D25AC3364A7BA568315"
"backups\pre_second_floor_widening_20260718_215045","backups\pre_second_floor_widening_20260718_215045\js\mall\mall-world.js","231674","46763CF0BF5979019B1A5C101C56C3B1ADA25FFB1A87E4365DF54BC1F0E7F6FD"
"backups\pre_virtual_visitors_physics_20260718_231302","backups\pre_virtual_visitors_physics_20260718_231302\index.html","63815","7C641D0CEDCBD2814A310EB9078216BEE31023AA65AB084FB37AB7F25A9CEDE5"
"backups\pre_virtual_visitors_physics_20260718_231302","backups\pre_virtual_visitors_physics_20260718_231302\js\mall\mall-npc.js","21677","32B548338EB85CAC290FC7EBF1654974CF5987C93D8FA83FB3D3E2E5563F2C0E"
"backups\pre_virtual_visitors_physics_20260718_231302","backups\pre_virtual_visitors_physics_20260718_231302\js\mall\mall-physics.js","7452","435A04CD16F291B96D36BCBD364405C0541CD71AA5C51D25AC3364A7BA568315"
"backups\pre_virtual_visitors_physics_20260718_231302","backups\pre_virtual_visitors_physics_20260718_231302\js\mall\mall-ui.js","304283","E71208CBA2CA0E0E17F663DEAB83D904E627DC6B6DC2D3E3E2E907DE84D51A49"
"backups\pre_virtual_visitors_physics_20260718_231302","backups\pre_virtual_visitors_physics_20260718_231302\js\mall\mall-world.js","233471","33D10CD77C63D0433AA9676087C0E988055D5BB5E5DFB2472757B055CADBAC53"
"backups\roof_structure_20260710_232855","backups\roof_structure_20260710_232855\index.html","62033","FF9EFA1621870C825527D6C01B5ECD5C3C9CDA030CFA99E807A31FD5706E930F"
"backups\roof_structure_20260710_232855","backups\roof_structure_20260710_232855\mall-constants.js","21257","DDA650FC39189BF04F9ADB032EC0CB07E702DCE43A4D4EB6335F212F135E55A3"
"backups\roof_structure_20260710_232855","backups\roof_structure_20260710_232855\mall-world.js","229077","7E8B985DFBE0E9E89E2E016AEBE48BCC3AA032B19950ED7666A2480E6EF3CDAA"
"backups\safe-public-code-backup-20260530-141941.zip","backups\safe-public-code-backup-20260530-141941.zip","3540856","BAE6BCC15799B163E8145E372130566C93D11144EDAC62BC30CEA027C9345C3B"
"backups\safe-public-code-backup-strict-20260530-142011.zip","backups\safe-public-code-backup-strict-20260530-142011.zip","3482563","D674AF749C8EEFFBC6EEBB8B0E1796A1B289675B326B2BD1F5D9B8C8432A2F0E"
"backups\SENSITIVE_DO_NOT_SHARE_contains_env_token","backups\SENSITIVE_DO_NOT_SHARE_contains_env_token\pre-security-public-files-20260530-141250.zip","8438769","1F5382C6195212635236860479D0C00EC0740A86380CDC08B04EFC80AA683F8D"
"backups\SENSITIVE_DO_NOT_SHARE_contains_env_token","backups\SENSITIVE_DO_NOT_SHARE_contains_env_token\web-tienda-virtual-backup-20260530-132129.zip","8438769","AC3758742545CC1C4A9EED1382DA012ECF67B1E6FB2636DC717600934A37B056"
"clear_center_walkway.js","clear_center_walkway.js","1884","7546C2DFB069CEA0347B7DEAE9DDDE1407C7F56B12F23961B546F4ADC3098208"
"config.js","config.js","1925","E232DD8305724B376257FADAC5BB0B33BF402DA31B5FA32F1C8E38DA63A32C3A"
"current_extracted.js","current_extracted.js","106341","62278FF91728C16DE18AB7722657AE02CF2826FE001154BB23D69757A5BE15B7"
"cut_void_railings.js","cut_void_railings.js","2286","3D7807936F9FA29D927B28BEB3966B12F77354491A8AE1C03B3DFB65D24A63F9"
"edge_test.png","edge_test.png","11141","C1E060CCCD240BA246217D7A24C55F570ADB93B825DF22E844735E2052CC4C46"
"edge-test","edge-test\Breadcrumbs","2730","9FC68C09C4D483779498AB2AEF4A222DA82316FB9542EB77D91E7CB8AF8B577E"
"edge-test","edge-test\CrashpadMetrics-active.pma","16384","186E5FC030849704D3C33BCD020F36E98EBAA9841951AAF7042066C62AEFCA09"
"edge-test","edge-test\es-ES-3-0.bdic","785066","E6334DCF080AAECA679DB70565762A2C296FF5780C1AF263530AC7345736BFA9"
"edge-test","edge-test\FirstLaunchAfterInstallation","0","E3B0C44298FC1C149AFBF4C8996FB92427AE41E4649B934CA495991B7852B855"
"edge-test","edge-test\Last Version","13","5B3D36904B809CFB201F61A11EBE5832CD881F6B19245BD2117B0C116A9C724B"
"edge-test","edge-test\Local State","33865","EB2860977DA4FFFEC68EEF4BED56C69D23A1EE11DC961F811B4D10EF65ABF13E"
"edge-test","edge-test\Variations","85","B26DA4F8C7E283AA74386DA0229D66AF14A37986B8CA828E054FC932F68DD557"
"edge-test","edge-test\component_crx_cache\metadata.json","13","2771D13C637C267132AFFF9DB67537BEF95708534B79AE8D954254C4E64E4E0F"
"edge-test","edge-test\Crashpad\metadata","0","E3B0C44298FC1C149AFBF4C8996FB92427AE41E4649B934CA495991B7852B855"
"edge-test","edge-test\Crashpad\settings.dat","288","24198505D3D649F970402A54F0989FC082B5FEE46A81406127FBDC0C27AFE964"
"edge-test","edge-test\Crashpad\throttle_store.dat","20","41C91A9C93D76295746A149DCE7EBB3B9EE2CB551D84365FFF108E59A61CC304"
"edge-test","edge-test\Default\Affiliation Database","53248","5C33BD14C5379A0AE729E49774B2D7BD53B829C124E01BF2854BBF141F1173C3"
"edge-test","edge-test\Default\Affiliation Database-journal","0","E3B0C44298FC1C149AFBF4C8996FB92427AE41E4649B934CA495991B7852B855"
"edge-test","edge-test\Default\arbitration_service_config.json","20740","75DE77E390F47DFFACE54B6D28BF5432A5673DAD20F3058C821248AD8C5C996C"
"edge-test","edge-test\Default\BookmarkMergedSurfaceOrdering","6","4489F9E3E454748B3521EB214E0A5694D562CFF3D9FF511CB456953C8F534C00"
"edge-test","edge-test\Default\Bookmarks","2896","F1345F788F3B87F0E4989DED456FCBE51A6D8FF8E55C20282687B2DA2F41F2A5"
"edge-test","edge-test\Default\BrowsingTopicsSiteData","28672","C2CD3160364596CA2B2138FE2A79CF50AC2CFD7E06A3A7442D03169E89FE5602"
"edge-test","edge-test\Default\BrowsingTopicsSiteData-journal","0","E3B0C44298FC1C149AFBF4C8996FB92427AE41E4649B934CA495991B7852B855"
"edge-test","edge-test\Default\BrowsingTopicsState","414","1FAC1F264F37E1A0FDAD3E19467BE31494B21870C7EA06E67954156FE157521A"
"edge-test","edge-test\Default\ExtensionActivityComp","0","E3B0C44298FC1C149AFBF4C8996FB92427AE41E4649B934CA495991B7852B855"
"edge-test","edge-test\Default\ExtensionActivityEdge","32768","342D1BC8648476F13AF9C880A64D8D0746DC21930A3FBF5480922B5D39006AD6"
"edge-test","edge-test\Default\ExtensionActivityEdge-journal","0","E3B0C44298FC1C149AFBF4C8996FB92427AE41E4649B934CA495991B7852B855"
"edge-test","edge-test\Default\Favicons","20480","661A02E5B0FC01297749298EE1F26D89A4CBB28F155BE20CE75FB7A32D883687"
"edge-test","edge-test\Default\Favicons-journal","0","E3B0C44298FC1C149AFBF4C8996FB92427AE41E4649B934CA495991B7852B855"
"edge-test","edge-test\Default\History","212992","9F6ECCBAE4AA90CB6F6175ACAA657EDBCAC969400990CA42323D2694D9DBF9AB"
"edge-test","edge-test\Default\History-journal","0","E3B0C44298FC1C149AFBF4C8996FB92427AE41E4649B934CA495991B7852B855"
"edge-test","edge-test\Default\HubApps Icons","28672","8C7408718E262C9C6F461E990AB545C464E44CDF6864C9FAADEF824275C440C5"
"edge-test","edge-test\Default\HubApps Icons-journal","0","E3B0C44298FC1C149AFBF4C8996FB92427AE41E4649B934CA495991B7852B855"
"edge-test","edge-test\Default\load_statistics.db","4096","F1C1D714B195AA1795C50ED2DB1795613D868A07340CBF0B1A563384FDFEBDCF"
"edge-test","edge-test\Default\load_statistics.db-shm","32768","DB515D76155E78E52F712E9CAC889EF9ACC305FB11A478AD4CF39922449C3315"
"edge-test","edge-test\Default\load_statistics.db-wal","86552","5CE17EED06E268896515216D6A87A661BFAC4C49A7F4D66A55EFFB39C43428C4"
"edge-test","edge-test\Default\LOCK","0","E3B0C44298FC1C149AFBF4C8996FB92427AE41E4649B934CA495991B7852B855"
"edge-test","edge-test\Default\LOG","0","E3B0C44298FC1C149AFBF4C8996FB92427AE41E4649B934CA495991B7852B855"
"edge-test","edge-test\Default\Login Data","51200","5E33A858AB4DD2672FB2A8D29F6820DD6D8E16FD4B42B7C1C47AE0537EE61174"
"edge-test","edge-test\Default\Login Data For Account","51200","5E33A858AB4DD2672FB2A8D29F6820DD6D8E16FD4B42B7C1C47AE0537EE61174"
"edge-test","edge-test\Default\Login Data For Account-journal","0","E3B0C44298FC1C149AFBF4C8996FB92427AE41E4649B934CA495991B7852B855"
"edge-test","edge-test\Default\Login Data-journal","0","E3B0C44298FC1C149AFBF4C8996FB92427AE41E4649B934CA495991B7852B855"
"edge-test","edge-test\Default\Preferences","11249","C6E3F7A3091FA48B8F3989973B54073A2744A0C3050D486A91EA837E04540699"
"edge-test","edge-test\Default\README","182","A0C9ABAE18599F0A65FC654AD36251F6330794BEA66B718A09D8B297F3E38E87"
"edge-test","edge-test\Default\Secure Preferences","31133","AA505ADE46528D671AFA6E1E6078CFD71F4A4483A8010C8697BEAA5CFF9E3EEE"
"edge-test","edge-test\Default\ServerCertificate","20480","3F3C52EB59E5232A77D706B68B4B33B2A08CF4931F9204B422A7A4F4CC31B8D5"
"edge-test","edge-test\Default\ServerCertificate-journal","0","E3B0C44298FC1C149AFBF4C8996FB92427AE41E4649B934CA495991B7852B855"
"edge-test","edge-test\Default\Top Sites","20480","F1F8CA9EBF356B2BD59235BB8F2F371E49E6A0559B1B73A3D058F311ED301ED9"
"edge-test","edge-test\Default\Top Sites-journal","0","E3B0C44298FC1C149AFBF4C8996FB92427AE41E4649B934CA495991B7852B855"
"edge-test","edge-test\Default\Vpn Tokens","28672","160FF751F2DF2A94235A1F4BCF67EDD7B4A7D81BB4E5EE51FD742CA48FE1FB65"
"edge-test","edge-test\Default\Vpn Tokens-journal","0","E3B0C44298FC1C149AFBF4C8996FB92427AE41E4649B934CA495991B7852B855"
"edge-test","edge-test\Default\Web Data","227328","A86D1CDC94F7A3041313BC0F2C4B4C9B637DF9B9CFCA26AC0A31CDC8511C7B72"
"edge-test","edge-test\Default\Web Data-journal","0","E3B0C44298FC1C149AFBF4C8996FB92427AE41E4649B934CA495991B7852B855"
"edge-test","edge-test\Default\Cache\Cache_Data\data_0","45056","61B4EB23581D8DD5A0F3973C5DAE4CFFB671029276FB0F1EFE1AD4EE9B57E00C"
"edge-test","edge-test\Default\Cache\Cache_Data\data_1","270336","1DEA2C56DB8702F316FCC843F88A1F47E8D6D9124837AFA9980BE5F4910A021B"
"edge-test","edge-test\Default\Cache\Cache_Data\data_2","1056768","0AE29F6FC5905FF7252104AF9B633A82D99527C460E80FD3558C7F3C6895722D"
"edge-test","edge-test\Default\Cache\Cache_Data\data_3","4202496","81BA173A6ED41E42147F91C57E062F62E800FB5F50A4BBF6CE3651A863E26F1D"
"edge-test","edge-test\Default\Cache\Cache_Data\f_000001","682719","B72A37B65FCBDA45FEA6AC45426437764A13DA2625509C83E4056656EA684E9C"
"edge-test","edge-test\Default\Cache\Cache_Data\index","524656","874AB4A4403C48CCCDB5BBD89C97DB54A752E4B8FC461FB13127C0C95E6BFCA9"
"edge-test","edge-test\Default\Cache\No_Vary_Search\journal.baj","4","9C169428D852E25BD59B27652ED533D2A1F09F96E4C329FA5E06F47E16731543"
"edge-test","edge-test\Default\Cache\No_Vary_Search\snapshot.baf","20","0C2DD377ED0CC66161E9DB8F89F7D8BCB3AD8C06C4A054BDCBA214AB05F58C9A"
"edge-test","edge-test\Default\ClientCertificates\LOCK","0","E3B0C44298FC1C149AFBF4C8996FB92427AE41E4649B934CA495991B7852B855"
"edge-test","edge-test\Default\ClientCertificates\LOG","0","E3B0C44298FC1C149AFBF4C8996FB92427AE41E4649B934CA495991B7852B855"
"edge-test","edge-test\Default\Code Cache\js\2a8a6f695a3ff316_0","303","DB5A7AA7ACD223422DB8EF44752811627E26EE7A39B0CEB6CC7B1000D30F7150"
"edge-test","edge-test\Default\Code Cache\js\2cca9bc741a6516d_0","306","396461117BCFD07A4A862B907C5A96199AA69D2E29CA7925B5EDDBAA74ED9E05"
"edge-test","edge-test\Default\Code Cache\js\5cce1706364839f1_0","307","9AD545EB4135275404A5747BBECFA4D84AABBCA1D7EA2E9086317187EEC5B7BF"
"edge-test","edge-test\Default\Code Cache\js\5fbb54f36261c413_0","308","90451A51D6B5E2A477FD9EFC37B18ACEDA32C54F32417E6ADB7C7C078379AEAD"
"edge-test","edge-test\Default\Code Cache\js\7de0dc67a2b3a69c_0","307","06E257B1495A139A826B443B3A6570CECBC0D90108EB37EFA5EBB95D16D8486C"
"edge-test","edge-test\Default\Code Cache\js\8020acacb3d13763_0","321","13C73A2E0C9B3FC331AEDC92422457FB42C05E3BD9FC6F20C668D1A2E7D23E06"
"edge-test","edge-test\Default\Code Cache\js\8bb1867be67136eb_0","305","6D863B786F438E219C512C881EAD1F092E054B31FA7065897DBF5CFC59BDE3CD"
"edge-test","edge-test\Default\Code Cache\js\945cb8fb56d09a8e_0","321","D9CD38EC0101847EE05776D8FDC3B50AC18CD4388F1EDA54653CF7C5932D14D2"
"edge-test","edge-test\Default\Code Cache\js\b21fb45197b9c728_0","303","C07549BF47C94D8F0C726705A4D65692D7F6D617EE2318FD8C561D445976D06A"
"edge-test","edge-test\Default\Code Cache\js\ba678a2fbd8c358c_0","298","F534DC5BDDE6B730BA3F05E3548FA80131E65AD1A96CFDE72606365913DF2DB1"
"edge-test","edge-test\Default\Code Cache\js\baded5730168391f_0","313","CE4FDAB7193D63C10B55AD2BEBC6100ED2C349A8FFB929123939361ABBBF339B"
"edge-test","edge-test\Default\Code Cache\js\e94999eac39dfd99_0","317","EEEA17E6FCAB70B12A3F17EFE63C9EB567C5F65B9F93FDD34173AC8246CC94F5"
"edge-test","edge-test\Default\Code Cache\js\e9a142a21b9ad9ef_0","297","DD5F7B8B7276F2AE0326D6D27F14BBDCF0B4C94418C03BF91207F04D569E85CF"
"edge-test","edge-test\Default\Code Cache\js\ebce9e52a869b921_0","303","BC4106C7B0CC42A48E68ABDA928DA76E5E839552294C9B173A37580C69BD749A"
"edge-test","edge-test\Default\Code Cache\js\index","24","FBCFE23A2ECB82B7100C50811691DDE0A33AA3DA8D176BE9882A9DB485DC0F2D"
"edge-test","edge-test\Default\Code Cache\js\index-dir\the-real-index","384","D82B3C915404A2AB643E5661C5370206EF941BDCF376BFAC9A078178C993E9A1"
"edge-test","edge-test\Default\Code Cache\wasm\index","24","FBCFE23A2ECB82B7100C50811691DDE0A33AA3DA8D176BE9882A9DB485DC0F2D"
"edge-test","edge-test\Default\Code Cache\wasm\index-dir\the-real-index","48","D2EEE0F839CC869362A1488DD900311F91C20F81C4D1B4AE32746DAB78D03EEF"
"edge-test","edge-test\Default\commerce_subscription_db\LOCK","0","E3B0C44298FC1C149AFBF4C8996FB92427AE41E4649B934CA495991B7852B855"
"edge-test","edge-test\Default\commerce_subscription_db\LOG","0","E3B0C44298FC1C149AFBF4C8996FB92427AE41E4649B934CA495991B7852B855"
"edge-test","edge-test\Default\DawnGraphiteCache\data_0","8192","D6A5FE39CD672781B256E0E3102F7022635F1D4BB7CFCC90A80FFFE4D0F3877E"
"edge-test","edge-test\Default\DawnGraphiteCache\data_1","270336","D829F7F7DC39F05B54453B4FF1EFF7D27FBB37ACE3B863B6F13468EAB4A6F539"
"edge-test","edge-test\Default\DawnGraphiteCache\data_2","8192","EC1702806F4CC7C42A82FC2B38E89835FDE7C64BB32060E0823C9077CA92EFB7"
"edge-test","edge-test\Default\DawnGraphiteCache\data_3","8192","E09F42C398D688DCE168570291F1F92D079987DEDA3099A34ADB9E8C0522B30C"
"edge-test","edge-test\Default\DawnGraphiteCache\index","262512","6E6BF45D7DF4A565D240EED8C0FB6A800E9E6D4AB10B32A9E11546E9CEC2C876"
"edge-test","edge-test\Default\DawnWebGPUCache\data_0","8192","D6A5FE39CD672781B256E0E3102F7022635F1D4BB7CFCC90A80FFFE4D0F3877E"
"edge-test","edge-test\Default\DawnWebGPUCache\data_1","270336","489AFDBA1AE37AAB48345EDCAEA1B982BA0ADC1BEB213834A22F2192470E38C8"
"edge-test","edge-test\Default\DawnWebGPUCache\data_2","8192","EC1702806F4CC7C42A82FC2B38E89835FDE7C64BB32060E0823C9077CA92EFB7"
"edge-test","edge-test\Default\DawnWebGPUCache\data_3","8192","E09F42C398D688DCE168570291F1F92D079987DEDA3099A34ADB9E8C0522B30C"
"edge-test","edge-test\Default\DawnWebGPUCache\index","262512","C4EF388E98D620A570C292954C3FD248CBD4CB713FBA39D88D8CFBFEEF3E7304"
"edge-test","edge-test\Default\discounts_db\LOCK","0","E3B0C44298FC1C149AFBF4C8996FB92427AE41E4649B934CA495991B7852B855"
"edge-test","edge-test\Default\discounts_db\LOG","0","E3B0C44298FC1C149AFBF4C8996FB92427AE41E4649B934CA495991B7852B855"
"edge-test","edge-test\Default\discount_infos_db\LOCK","0","E3B0C44298FC1C149AFBF4C8996FB92427AE41E4649B934CA495991B7852B855"
"edge-test","edge-test\Default\discount_infos_db\LOG","0","E3B0C44298FC1C149AFBF4C8996FB92427AE41E4649B934CA495991B7852B855"
"edge-test","edge-test\Default\DualEngine\SiteList-Consumer.json","2","44136FA355B3678A1146AD16F7E8649E94FB4FC21FE77E8310C060F61CAAFF8A"
"edge-test","edge-test\Default\DualEngine\SiteList-Enterprise.json","2","44136FA355B3678A1146AD16F7E8649E94FB4FC21FE77E8310C060F61CAAFF8A"
"edge-test","edge-test\Default\EdgeCoupons\coupons_data.db\000003.log","33","68C7AD234755B9EDB06832A084D092660970C89A7305E0C47D327B6AC50DD898"
"edge-test","edge-test\Default\EdgeCoupons\coupons_data.db\CURRENT","16","0F1BAD70C7BD1E0A69562853EC529355462FCD0423263A3D39D6D0D70B780443"
"edge-test","edge-test\Default\EdgeCoupons\coupons_data.db\LOCK","0","E3B0C44298FC1C149AFBF4C8996FB92427AE41E4649B934CA495991B7852B855"
"edge-test","edge-test\Default\EdgeCoupons\coupons_data.db\LOG","303","BED0E38F344310D09FBAEA87AAD13606473DB88B858D28E644CF49CACE77C524"
"edge-test","edge-test\Default\EdgeCoupons\coupons_data.db\MANIFEST-000001","41","F9D31B278E215EB0D0E9CD709EDFA037E828F36214AB7906F612160FEAD4B2B4"
"edge-test","edge-test\Default\EdgeEDrop\EdgeEDropSQLite.db","32768","A61F863BC5396457C5636242D4D534C921390E24806EFEEFA876A9F5C1120C15"
"edge-test","edge-test\Default\EdgeEDrop\EdgeEDropSQLite.db-journal","0","E3B0C44298FC1C149AFBF4C8996FB92427AE41E4649B934CA495991B7852B855"
"edge-test","edge-test\Default\EdgeHubAppUsage\EdgeHubAppUsageSQLite.db","32768","E1F8291375FCE2B26158493EF9CB196137850F4A95E2ED9D34041D571663E5F0"
"edge-test","edge-test\Default\EdgeHubAppUsage\EdgeHubAppUsageSQLite.db-journal","0","E3B0C44298FC1C149AFBF4C8996FB92427AE41E4649B934CA495991B7852B855"
"edge-test","edge-test\Default\EdgePushStorageWithConnectTokenAndKey\LOCK","0","E3B0C44298FC1C149AFBF4C8996FB92427AE41E4649B934CA495991B7852B855"
"edge-test","edge-test\Default\EdgePushStorageWithConnectTokenAndKey\LOG","0","E3B0C44298FC1C149AFBF4C8996FB92427AE41E4649B934CA495991B7852B855"
"edge-test","edge-test\Default\EdgeSessions\SessionRestoreLog","47","AB856DCA9BDB2332D7145D97D2486A59BA3EB97E9B691A97D7A44C497FFB228A"
"edge-test","edge-test\Default\Extension Rules\000003.log","190","46ED76C989FA492AF602D813EAF61C17EDD71251674807A443B8F9CCC988292A"
"edge-test","edge-test\Default\Extension Rules\CURRENT","16","0F1BAD70C7BD1E0A69562853EC529355462FCD0423263A3D39D6D0D70B780443"
"edge-test","edge-test\Default\Extension Rules\LOCK","0","E3B0C44298FC1C149AFBF4C8996FB92427AE41E4649B934CA495991B7852B855"
"edge-test","edge-test\Default\Extension Rules\LOG","281","7650E4CC0B6465290C7063FB70D16CACE76EB479D29F7C3E8044879643513A7C"
"edge-test","edge-test\Default\Extension Rules\MANIFEST-000001","41","F9D31B278E215EB0D0E9CD709EDFA037E828F36214AB7906F612160FEAD4B2B4"
"edge-test","edge-test\Default\Extension Scripts\000003.log","190","46ED76C989FA492AF602D813EAF61C17EDD71251674807A443B8F9CCC988292A"
"edge-test","edge-test\Default\Extension Scripts\CURRENT","16","0F1BAD70C7BD1E0A69562853EC529355462FCD0423263A3D39D6D0D70B780443"
"edge-test","edge-test\Default\Extension Scripts\LOCK","0","E3B0C44298FC1C149AFBF4C8996FB92427AE41E4649B934CA495991B7852B855"
"edge-test","edge-test\Default\Extension Scripts\LOG","285","761C5FC6D2C8617F84C9ECD2E0974FFFF42B7D79D90A28595069CC13B8FBFB90"
"edge-test","edge-test\Default\Extension Scripts\MANIFEST-000001","41","F9D31B278E215EB0D0E9CD709EDFA037E828F36214AB7906F612160FEAD4B2B4"
"edge-test","edge-test\Default\Extension State\000003.log","570","99DEF1B557F19F04C1AFFC6F247D0451F33FC10EC42E73792223C3215AC98BE6"
"edge-test","edge-test\Default\Extension State\CURRENT","16","0F1BAD70C7BD1E0A69562853EC529355462FCD0423263A3D39D6D0D70B780443"
"edge-test","edge-test\Default\Extension State\LOCK","0","E3B0C44298FC1C149AFBF4C8996FB92427AE41E4649B934CA495991B7852B855"
"edge-test","edge-test\Default\Extension State\LOG","281","64B027D058B0848E21CA7898A5CBAA70D1A4A2A57AB7AD15F56BEF516083D11A"
"edge-test","edge-test\Default\Extension State\MANIFEST-000001","41","F9D31B278E215EB0D0E9CD709EDFA037E828F36214AB7906F612160FEAD4B2B4"
"edge-test","edge-test\Default\GPUCache\data_0","8192","D6A5FE39CD672781B256E0E3102F7022635F1D4BB7CFCC90A80FFFE4D0F3877E"
"edge-test","edge-test\Default\GPUCache\data_1","270336","AF79B51AA2658CAEA7C8C5EEAD077B7FFF5F1469D2689A1893C17DF8997CA48A"
"edge-test","edge-test\Default\GPUCache\data_2","8192","EC1702806F4CC7C42A82FC2B38E89835FDE7C64BB32060E0823C9077CA92EFB7"
"edge-test","edge-test\Default\GPUCache\data_3","8192","E09F42C398D688DCE168570291F1F92D079987DEDA3099A34ADB9E8C0522B30C"
"edge-test","edge-test\Default\GPUCache\index","262512","06F9B62B4A45556E34050C3A251C18CD3B38582188906F9A8574095687064D11"
"edge-test","edge-test\Default\Local Extension Settings\jdiccldimpdaibmpdkjnbmckianbfold\000003.log","0","E3B0C44298FC1C149AFBF4C8996FB92427AE41E4649B934CA495991B7852B855"
"edge-test","edge-test\Default\Local Extension Settings\jdiccldimpdaibmpdkjnbmckianbfold\CURRENT","16","0F1BAD70C7BD1E0A69562853EC529355462FCD0423263A3D39D6D0D70B780443"
"edge-test","edge-test\Default\Local Extension Settings\jdiccldimpdaibmpdkjnbmckianbfold\LOCK","0","E3B0C44298FC1C149AFBF4C8996FB92427AE41E4649B934CA495991B7852B855"
"edge-test","edge-test\Default\Local Extension Settings\jdiccldimpdaibmpdkjnbmckianbfold\LOG","365","30B8D64F757AF5F5417D5047D2FB30D8E826D2822C29E41BEA14B2872208C791"
"edge-test","edge-test\Default\Local Extension Settings\jdiccldimpdaibmpdkjnbmckianbfold\MANIFEST-000001","41","F9D31B278E215EB0D0E9CD709EDFA037E828F36214AB7906F612160FEAD4B2B4"
"edge-test","edge-test\Default\Local Storage\leveldb\000003.log","30","8BD2EA70A0B70C91DE138A5B87C7936C6A6FA7C4275C54B97F4EF0CCC5B79BB4"
"edge-test","edge-test\Default\Local Storage\leveldb\CURRENT","16","0F1BAD70C7BD1E0A69562853EC529355462FCD0423263A3D39D6D0D70B780443"
"edge-test","edge-test\Default\Local Storage\leveldb\LOCK","0","E3B0C44298FC1C149AFBF4C8996FB92427AE41E4649B934CA495991B7852B855"
"edge-test","edge-test\Default\Local Storage\leveldb\LOG","293","4DEB918178AC1B344925E11D333889B9205E16CE82B51E8352C38AF20CEEDE50"
"edge-test","edge-test\Default\Local Storage\leveldb\MANIFEST-000001","41","F9D31B278E215EB0D0E9CD709EDFA037E828F36214AB7906F612160FEAD4B2B4"
"edge-test","edge-test\Default\Network\Cookies","20480","10A593409C1FDFFDF2F4CF71702C8E6A1452A91F0924F421CE0BE5984D969EF6"
"edge-test","edge-test\Default\Network\Cookies-journal","0","E3B0C44298FC1C149AFBF4C8996FB92427AE41E4649B934CA495991B7852B855"
"edge-test","edge-test\Default\Network\Device Bound Sessions","20480","943CD4ADBEF538C63D8202C83394D0B683A97C477ECF125FC16246F823D6C31B"
"edge-test","edge-test\Default\Network\Device Bound Sessions-journal","0","E3B0C44298FC1C149AFBF4C8996FB92427AE41E4649B934CA495991B7852B855"
"edge-test","edge-test\Default\Network\Network Persistent State","1237","2E1D0618A7B37A518A9CA95EA8EF8F1BD49BF4D3BB5F97E5A8191E5D64628CE0"
"edge-test","edge-test\Default\Network\NetworkDataMigrated","0","E3B0C44298FC1C149AFBF4C8996FB92427AE41E4649B934CA495991B7852B855"
"edge-test","edge-test\Default\Network\Reporting and NEL","36864","777CE9EA5C5B6DFD02D8F5FA19004809A3351EF158757B96FCCD642D4DF8D22D"
"edge-test","edge-test\Default\Network\Reporting and NEL-journal","0","E3B0C44298FC1C149AFBF4C8996FB92427AE41E4649B934CA495991B7852B855"
"edge-test","edge-test\Default\Network\SCT Auditing Pending Reports","2","4F53CDA18C2BAA0C0354BB5F9A3ECBE5ED12AB4D8E11BA873C2F11161202B945"
"edge-test","edge-test\Default\Network\Sdch Dictionaries","40","6028BD681DBF11A0A58DDE8A0CD884115C04CAA59D080BA51BDE1B086CE0079D"
"edge-test","edge-test\Default\Network\Trust Tokens","36864","96C6BB59CA9C0E33BC09BF2D28B682E1785EE5C6D4F6D15CEE322833CC643143"
"edge-test","edge-test\Default\Network\Trust Tokens-journal","0","E3B0C44298FC1C149AFBF4C8996FB92427AE41E4649B934CA495991B7852B855"
"edge-test","edge-test\Default\Nurturing\campaign_history","20480","096C0F60C8C3E928565E7F120F671A3F9FE72789943BCB7E3FA7D3754BA6E714"
"edge-test","edge-test\Default\Nurturing\campaign_history-journal","0","E3B0C44298FC1C149AFBF4C8996FB92427AE41E4649B934CA495991B7852B855"
"edge-test","edge-test\Default\parcel_tracking_db\LOCK","0","E3B0C44298FC1C149AFBF4C8996FB92427AE41E4649B934CA495991B7852B855"
"edge-test","edge-test\Default\parcel_tracking_db\LOG","0","E3B0C44298FC1C149AFBF4C8996FB92427AE41E4649B934CA495991B7852B855"
"edge-test","edge-test\Default\PersistentOriginTrials\LOCK","0","E3B0C44298FC1C149AFBF4C8996FB92427AE41E4649B934CA495991B7852B855"
"edge-test","edge-test\Default\PersistentOriginTrials\LOG","0","E3B0C44298FC1C149AFBF4C8996FB92427AE41E4649B934CA495991B7852B855"
"edge-test","edge-test\Default\Safe Browsing Network\NetworkDataMigrated","0","E3B0C44298FC1C149AFBF4C8996FB92427AE41E4649B934CA495991B7852B855"
"edge-test","edge-test\Default\Safe Browsing Network\Safe Browsing Cookies","20480","10A593409C1FDFFDF2F4CF71702C8E6A1452A91F0924F421CE0BE5984D969EF6"
"edge-test","edge-test\Default\Safe Browsing Network\Safe Browsing Cookies-journal","0","E3B0C44298FC1C149AFBF4C8996FB92427AE41E4649B934CA495991B7852B855"
"edge-test","edge-test\Default\Service Worker\Database\000003.log","214","D662F37DA9B0FF1B7056EC8AE81E38B390153489A029CB58EB20F437C59A5BB8"
"edge-test","edge-test\Default\Service Worker\Database\CURRENT","16","0F1BAD70C7BD1E0A69562853EC529355462FCD0423263A3D39D6D0D70B780443"
"edge-test","edge-test\Default\Service Worker\Database\LOCK","0","E3B0C44298FC1C149AFBF4C8996FB92427AE41E4649B934CA495991B7852B855"
"edge-test","edge-test\Default\Service Worker\Database\LOG","295","246450654896ACBA2F7174D7C5FE3229FE7C12FAB009F4682AC37121838B4064"
"edge-test","edge-test\Default\Service Worker\Database\MANIFEST-000001","41","F9D31B278E215EB0D0E9CD709EDFA037E828F36214AB7906F612160FEAD4B2B4"
"edge-test","edge-test\Default\Service Worker\ScriptCache\index","24","FBCFE23A2ECB82B7100C50811691DDE0A33AA3DA8D176BE9882A9DB485DC0F2D"
"edge-test","edge-test\Default\Service Worker\ScriptCache\index-dir\the-real-index","48","5F1D5D97A5FCF2AFBBDC8BCB90FDCB3C44CA0CAAACA426FF896FC808BEE7E1EF"
"edge-test","edge-test\Default\Session Storage\000003.log","337","8EDFACFA2E69A9C322CE618DBCB5D104011A317A49934B9D7014DC3DABA2D629"
"edge-test","edge-test\Default\Session Storage\CURRENT","16","0F1BAD70C7BD1E0A69562853EC529355462FCD0423263A3D39D6D0D70B780443"
"edge-test","edge-test\Default\Session Storage\LOCK","0","E3B0C44298FC1C149AFBF4C8996FB92427AE41E4649B934CA495991B7852B855"
"edge-test","edge-test\Default\Session Storage\LOG","279","C36F309D66E27993818B976998FD782162E5F4AE8C6E21662A7D1D35EFA3087E"
"edge-test","edge-test\Default\Session Storage\MANIFEST-000001","41","F9D31B278E215EB0D0E9CD709EDFA037E828F36214AB7906F612160FEAD4B2B4"
"edge-test","edge-test\Default\Sessions\Session_13427415966954671","1931","DC4B7EE2DBD7145C83511C454A4C52C6B5B58EEAD4BF6ED8BD8087F64DE8F9F3"
"edge-test","edge-test\Default\Sessions\Tabs_13427415986658515","1584","2501C39BC74E6BB25F4A4A17C9990E63588BB1D3C5A482B7C83E596729BEFE47"
"edge-test","edge-test\Default\Shared Dictionary\db","45056","B87DA9786C3FB75B92CA41E78F7A8CACBA24040A26AD85674782AD2CBF5AD814"
"edge-test","edge-test\Default\Shared Dictionary\db-journal","0","E3B0C44298FC1C149AFBF4C8996FB92427AE41E4649B934CA495991B7852B855"
"edge-test","edge-test\Default\Shared Dictionary\cache\index","24","FBCFE23A2ECB82B7100C50811691DDE0A33AA3DA8D176BE9882A9DB485DC0F2D"
"edge-test","edge-test\Default\Shared Dictionary\cache\index-dir\the-real-index","48","1DBA066BF9381F5E8E2FD3346924A138D5F1E10B68117351CE3F1C060919EAE5"
"edge-test","edge-test\Default\shared_proto_db\000003.log","19","AB5C71347D95F319781DF230012713C7819AC0D69373E8C9A7302CAE3F9A04B7"
"edge-test","edge-test\Default\shared_proto_db\CURRENT","16","0F1BAD70C7BD1E0A69562853EC529355462FCD0423263A3D39D6D0D70B780443"
"edge-test","edge-test\Default\shared_proto_db\LOCK","0","E3B0C44298FC1C149AFBF4C8996FB92427AE41E4649B934CA495991B7852B855"
"edge-test","edge-test\Default\shared_proto_db\LOG","281","4D5D86271DA577B20744E3AC6573AFBC8A30A70540B9AB3197AA95DC8296ECC8"
"edge-test","edge-test\Default\shared_proto_db\MANIFEST-000001","41","F9D31B278E215EB0D0E9CD709EDFA037E828F36214AB7906F612160FEAD4B2B4"
"edge-test","edge-test\Default\shared_proto_db\metadata\000003.log","474","1A2F7234FB10545EB11DFA29CE6F887317D3ED7D840A129318E834EEC460CF28"
"edge-test","edge-test\Default\shared_proto_db\metadata\CURRENT","16","0F1BAD70C7BD1E0A69562853EC529355462FCD0423263A3D39D6D0D70B780443"
"edge-test","edge-test\Default\shared_proto_db\metadata\LOCK","0","E3B0C44298FC1C149AFBF4C8996FB92427AE41E4649B934CA495991B7852B855"
"edge-test","edge-test\Default\shared_proto_db\metadata\LOG","299","6C89BA5062C8A58B27E307D261331A67C95F16005F5FE1BE8F892F145B6007E5"
"edge-test","edge-test\Default\shared_proto_db\metadata\MANIFEST-000001","41","F9D31B278E215EB0D0E9CD709EDFA037E828F36214AB7906F612160FEAD4B2B4"
"edge-test","edge-test\Default\Site Characteristics Database\000003.log","40","F096BC366A931FBA656BDCD77B24AF15A5F29FC53281A727C79F82C608ECFAB8"
"edge-test","edge-test\Default\Site Characteristics Database\CURRENT","16","0F1BAD70C7BD1E0A69562853EC529355462FCD0423263A3D39D6D0D70B780443"
"edge-test","edge-test\Default\Site Characteristics Database\LOCK","0","E3B0C44298FC1C149AFBF4C8996FB92427AE41E4649B934CA495991B7852B855"
"edge-test","edge-test\Default\Site Characteristics Database\LOG","309","924D161EB1859CD1D3A5A43AEEE7C590C0B3E12A191EFD61B05034D58160C6BF"
"edge-test","edge-test\Default\Site Characteristics Database\MANIFEST-000001","41","F9D31B278E215EB0D0E9CD709EDFA037E828F36214AB7906F612160FEAD4B2B4"
"edge-test","edge-test\Default\Storage\ext\ihmafllikibpmigkcoadcmckbfhibefp\def\Code Cache\js\6f3a0dc5e6916f1e_0","309","697D902D9651AD4E8FB694C5203679172BFE5F90DE8A8CB86C09CB93C014E1FA"
"edge-test","edge-test\Default\Storage\ext\ihmafllikibpmigkcoadcmckbfhibefp\def\Code Cache\js\index","24","FBCFE23A2ECB82B7100C50811691DDE0A33AA3DA8D176BE9882A9DB485DC0F2D"
"edge-test","edge-test\Default\Storage\ext\ihmafllikibpmigkcoadcmckbfhibefp\def\Code Cache\js\index-dir\the-real-index","72","ED37FC81D0540371DDD78A83D3014A185131F75B813DAB184A1067EFEBC1B204"
"edge-test","edge-test\Default\Storage\ext\ihmafllikibpmigkcoadcmckbfhibefp\def\Code Cache\wasm\index","24","FBCFE23A2ECB82B7100C50811691DDE0A33AA3DA8D176BE9882A9DB485DC0F2D"
"edge-test","edge-test\Default\Storage\ext\ihmafllikibpmigkcoadcmckbfhibefp\def\Code Cache\wasm\index-dir\the-real-index","48","200E168F16C3179C75A02927A25D7CE2A6D5B064EE6746AD9B8C8B7F7F32200B"
"edge-test","edge-test\Default\Storage\ext\ihmafllikibpmigkcoadcmckbfhibefp\def\DawnGraphiteCache\data_0","8192","D6A5FE39CD672781B256E0E3102F7022635F1D4BB7CFCC90A80FFFE4D0F3877E"
"edge-test","edge-test\Default\Storage\ext\ihmafllikibpmigkcoadcmckbfhibefp\def\DawnGraphiteCache\data_1","270336","2D205D4EA23A4B6BFC6D04BCC764FD58D66D670A9589665EA0D541D65EFF3BBC"
"edge-test","edge-test\Default\Storage\ext\ihmafllikibpmigkcoadcmckbfhibefp\def\DawnGraphiteCache\data_2","8192","EC1702806F4CC7C42A82FC2B38E89835FDE7C64BB32060E0823C9077CA92EFB7"
"edge-test","edge-test\Default\Storage\ext\ihmafllikibpmigkcoadcmckbfhibefp\def\DawnGraphiteCache\data_3","8192","E09F42C398D688DCE168570291F1F92D079987DEDA3099A34ADB9E8C0522B30C"
"edge-test","edge-test\Default\Storage\ext\ihmafllikibpmigkcoadcmckbfhibefp\def\DawnGraphiteCache\index","262512","FC4FFA9EE9EAE6841E3873584926A1FEB89AD8681D8E1BA8C29BCC2D8A7229FE"
"edge-test","edge-test\Default\Storage\ext\ihmafllikibpmigkcoadcmckbfhibefp\def\DawnWebGPUCache\data_0","8192","D6A5FE39CD672781B256E0E3102F7022635F1D4BB7CFCC90A80FFFE4D0F3877E"
"edge-test","edge-test\Default\Storage\ext\ihmafllikibpmigkcoadcmckbfhibefp\def\DawnWebGPUCache\data_1","270336","118D4FF0BFA2CB1D5CABBD38105958A384E6ADBB4A80F2749E654535F90A7CEA"
"edge-test","edge-test\Default\Storage\ext\ihmafllikibpmigkcoadcmckbfhibefp\def\DawnWebGPUCache\data_2","8192","EC1702806F4CC7C42A82FC2B38E89835FDE7C64BB32060E0823C9077CA92EFB7"
"edge-test","edge-test\Default\Storage\ext\ihmafllikibpmigkcoadcmckbfhibefp\def\DawnWebGPUCache\data_3","8192","E09F42C398D688DCE168570291F1F92D079987DEDA3099A34ADB9E8C0522B30C"
"edge-test","edge-test\Default\Storage\ext\ihmafllikibpmigkcoadcmckbfhibefp\def\DawnWebGPUCache\index","262512","EE33974ACA99F0A0EDF160F8CBB9F067AAC13CBFA1A6DEBC9AF889226C500EFC"
"edge-test","edge-test\Default\Storage\ext\ihmafllikibpmigkcoadcmckbfhibefp\def\GPUCache\data_0","8192","D6A5FE39CD672781B256E0E3102F7022635F1D4BB7CFCC90A80FFFE4D0F3877E"
"edge-test","edge-test\Default\Storage\ext\ihmafllikibpmigkcoadcmckbfhibefp\def\GPUCache\data_1","270336","9A6048442F065EAFDFC8635D57AD738ABE07DEE2B919607723736E03A57950E7"
"edge-test","edge-test\Default\Storage\ext\ihmafllikibpmigkcoadcmckbfhibefp\def\GPUCache\data_2","8192","EC1702806F4CC7C42A82FC2B38E89835FDE7C64BB32060E0823C9077CA92EFB7"
"edge-test","edge-test\Default\Storage\ext\ihmafllikibpmigkcoadcmckbfhibefp\def\GPUCache\data_3","8192","E09F42C398D688DCE168570291F1F92D079987DEDA3099A34ADB9E8C0522B30C"
"edge-test","edge-test\Default\Storage\ext\ihmafllikibpmigkcoadcmckbfhibefp\def\GPUCache\index","262512","C44133D7DC07AD0F84D55CEA52AB5F75E80F24599AE5074AFC206E584C67F706"
"edge-test","edge-test\Default\Storage\ext\ihmafllikibpmigkcoadcmckbfhibefp\def\Local Storage\leveldb\000003.log","30","8BD2EA70A0B70C91DE138A5B87C7936C6A6FA7C4275C54B97F4EF0CCC5B79BB4"
"edge-test","edge-test\Default\Storage\ext\ihmafllikibpmigkcoadcmckbfhibefp\def\Local Storage\leveldb\CURRENT","16","0F1BAD70C7BD1E0A69562853EC529355462FCD0423263A3D39D6D0D70B780443"
"edge-test","edge-test\Default\Storage\ext\ihmafllikibpmigkcoadcmckbfhibefp\def\Local Storage\leveldb\LOCK","0","E3B0C44298FC1C149AFBF4C8996FB92427AE41E4649B934CA495991B7852B855"
"edge-test","edge-test\Default\Storage\ext\ihmafllikibpmigkcoadcmckbfhibefp\def\Local Storage\leveldb\LOG","391","E0ECD7E2F8EDC8A1BBE88758B9F995205AA349E2F6CD6BCD2F001D449F0F84B0"
"edge-test","edge-test\Default\Storage\ext\ihmafllikibpmigkcoadcmckbfhibefp\def\Local Storage\leveldb\MANIFEST-000001","41","F9D31B278E215EB0D0E9CD709EDFA037E828F36214AB7906F612160FEAD4B2B4"
"edge-test","edge-test\Default\Storage\ext\ihmafllikibpmigkcoadcmckbfhibefp\def\Network\Device Bound Sessions","20480","943CD4ADBEF538C63D8202C83394D0B683A97C477ECF125FC16246F823D6C31B"
"edge-test","edge-test\Default\Storage\ext\ihmafllikibpmigkcoadcmckbfhibefp\def\Network\Device Bound Sessions-journal","0","E3B0C44298FC1C149AFBF4C8996FB92427AE41E4649B934CA495991B7852B855"
"edge-test","edge-test\Default\Storage\ext\ihmafllikibpmigkcoadcmckbfhibefp\def\Network\Network Persistent State","111","F5E224A52F6AD7E0C235D238C3E2983C5C0B314C552F20FF2AFFB4472AC866F5"
"edge-test","edge-test\Default\Storage\ext\ihmafllikibpmigkcoadcmckbfhibefp\def\Network\NetworkDataMigrated","0","E3B0C44298FC1C149AFBF4C8996FB92427AE41E4649B934CA495991B7852B855"
"edge-test","edge-test\Default\Storage\ext\ihmafllikibpmigkcoadcmckbfhibefp\def\Network\SCT Auditing Pending Reports","2","4F53CDA18C2BAA0C0354BB5F9A3ECBE5ED12AB4D8E11BA873C2F11161202B945"
"edge-test","edge-test\Default\Storage\ext\ihmafllikibpmigkcoadcmckbfhibefp\def\Network\Sdch Dictionaries","40","6028BD681DBF11A0A58DDE8A0CD884115C04CAA59D080BA51BDE1B086CE0079D"
"edge-test","edge-test\Default\Storage\ext\ihmafllikibpmigkcoadcmckbfhibefp\def\Network\Trust Tokens","36864","96C6BB59CA9C0E33BC09BF2D28B682E1785EE5C6D4F6D15CEE322833CC643143"
"edge-test","edge-test\Default\Storage\ext\ihmafllikibpmigkcoadcmckbfhibefp\def\Network\Trust Tokens-journal","0","E3B0C44298FC1C149AFBF4C8996FB92427AE41E4649B934CA495991B7852B855"
"edge-test","edge-test\Default\Storage\ext\ihmafllikibpmigkcoadcmckbfhibefp\def\Session Storage\000003.log","49","FFD700CF04BE6FE8D51E2FFB8A2E37BC3FA95A6679A4102FA35E8494C2350EAE"
"edge-test","edge-test\Default\Storage\ext\ihmafllikibpmigkcoadcmckbfhibefp\def\Session Storage\CURRENT","16","0F1BAD70C7BD1E0A69562853EC529355462FCD0423263A3D39D6D0D70B780443"
"edge-test","edge-test\Default\Storage\ext\ihmafllikibpmigkcoadcmckbfhibefp\def\Session Storage\LOCK","0","E3B0C44298FC1C149AFBF4C8996FB92427AE41E4649B934CA495991B7852B855"
"edge-test","edge-test\Default\Storage\ext\ihmafllikibpmigkcoadcmckbfhibefp\def\Session Storage\LOG","379","A817A0B30C3E586DEE3CBE40345027119A30EF66544F5579F726923B4EB0B782"
"edge-test","edge-test\Default\Storage\ext\ihmafllikibpmigkcoadcmckbfhibefp\def\Session Storage\MANIFEST-000001","41","F9D31B278E215EB0D0E9CD709EDFA037E828F36214AB7906F612160FEAD4B2B4"
"edge-test","edge-test\Default\Storage\ext\ihmafllikibpmigkcoadcmckbfhibefp\def\Shared Dictionary\db","45056","B87DA9786C3FB75B92CA41E78F7A8CACBA24040A26AD85674782AD2CBF5AD814"
"edge-test","edge-test\Default\Storage\ext\ihmafllikibpmigkcoadcmckbfhibefp\def\Shared Dictionary\db-journal","0","E3B0C44298FC1C149AFBF4C8996FB92427AE41E4649B934CA495991B7852B855"
"edge-test","edge-test\Default\Storage\ext\ihmafllikibpmigkcoadcmckbfhibefp\def\Shared Dictionary\cache\index","24","FBCFE23A2ECB82B7100C50811691DDE0A33AA3DA8D176BE9882A9DB485DC0F2D"
"edge-test","edge-test\Default\Storage\ext\ihmafllikibpmigkcoadcmckbfhibefp\def\Shared Dictionary\cache\index-dir\the-real-index","48","D81545D689FE314385BA5DA4D5E29B4F83083AE5447F10133D4F56C9CF4B2870"
"edge-test","edge-test\Default\Sync Data\LevelDB\000003.log","118","B201E50DD759E0C41786332ABD0C141372955E9489CF632CC09100D1F46B3AC7"
"edge-test","edge-test\Default\Sync Data\LevelDB\CURRENT","16","0F1BAD70C7BD1E0A69562853EC529355462FCD0423263A3D39D6D0D70B780443"
"edge-test","edge-test\Default\Sync Data\LevelDB\LOCK","0","E3B0C44298FC1C149AFBF4C8996FB92427AE41E4649B934CA495991B7852B855"
"edge-test","edge-test\Default\Sync Data\LevelDB\LOG","283","4A5CC664536C0E78A5B52DF206A5D3E52C96EACAC2BD467DFAE9C07BB983EA84"
"edge-test","edge-test\Default\Sync Data\LevelDB\MANIFEST-000001","41","F9D31B278E215EB0D0E9CD709EDFA037E828F36214AB7906F612160FEAD4B2B4"
"edge-test","edge-test\Default\Sync Data\Logs\sync_diagnostic.log","414","7937A84D6924515264410168661B066A05B93A16BF64ED5FF6A0CA0A2FA55E54"
"edge-test","edge-test\Default\WebStorage\QuotaManager","40960","D6A188EAA48B49F2533CEDA0BDB7250E0D094DE24821590EB82C17A659B154E5"
"edge-test","edge-test\Default\WebStorage\QuotaManager-journal","0","E3B0C44298FC1C149AFBF4C8996FB92427AE41E4649B934CA495991B7852B855"
"edge-test","edge-test\extensions_crx_cache\metadata.json","13","2771D13C637C267132AFFF9DB67537BEF95708534B79AE8D954254C4E64E4E0F"
"edge-test","edge-test\GPUPersistentCache\DawnGraphiteCache\4NKVHR4EC6BINKNWJV25JYUXV4UNF3DT\cache.db","4096","F1C1D714B195AA1795C50ED2DB1795613D868A07340CBF0B1A563384FDFEBDCF"
"edge-test","edge-test\GPUPersistentCache\DawnGraphiteCache\4NKVHR4EC6BINKNWJV25JYUXV4UNF3DT\cache.db-wal","12392","CD1D6503D5740D4F5B2A4E19D466A211DD7618ECE13CB7CE462B18C041CEF205"
"edge-test","edge-test\GPUPersistentCache\DawnGraphiteCache\4NKVHR4EC6BINKNWJV25JYUXV4UNF3DT\cache.journal","0","E3B0C44298FC1C149AFBF4C8996FB92427AE41E4649B934CA495991B7852B855"
"edge-test","edge-test\GrShaderCache\data_0","8192","D6A5FE39CD672781B256E0E3102F7022635F1D4BB7CFCC90A80FFFE4D0F3877E"
"edge-test","edge-test\GrShaderCache\data_1","270336","B1E963D702392FB7224786E7D56D43973E9B9EFD1B89C17814D7C558FFC0CDEC"
"edge-test","edge-test\GrShaderCache\data_2","8192","EC1702806F4CC7C42A82FC2B38E89835FDE7C64BB32060E0823C9077CA92EFB7"
"edge-test","edge-test\GrShaderCache\data_3","8192","E09F42C398D688DCE168570291F1F92D079987DEDA3099A34ADB9E8C0522B30C"
"edge-test","edge-test\GrShaderCache\index","262512","E88D889BF712CA4ADD9F8924F199FA76E4B5760288C1AD641BF8E975AAC735BB"
"edge-test","edge-test\Nurturing\campaign_history","20480","096C0F60C8C3E928565E7F120F671A3F9FE72789943BCB7E3FA7D3754BA6E714"
"edge-test","edge-test\Nurturing\campaign_history-journal","0","E3B0C44298FC1C149AFBF4C8996FB92427AE41E4649B934CA495991B7852B855"
"edge-test","edge-test\ShaderCache\data_0","8192","D6A5FE39CD672781B256E0E3102F7022635F1D4BB7CFCC90A80FFFE4D0F3877E"
"edge-test","edge-test\ShaderCache\data_1","270336","4B0679BA3F5C718F94ABE068B76BF5C0D326A3EC2FFF3B1EBE5C6291C82ECFC4"
"edge-test","edge-test\ShaderCache\data_2","8192","EC1702806F4CC7C42A82FC2B38E89835FDE7C64BB32060E0823C9077CA92EFB7"
"edge-test","edge-test\ShaderCache\data_3","8192","E09F42C398D688DCE168570291F1F92D079987DEDA3099A34ADB9E8C0522B30C"
"edge-test","edge-test\ShaderCache\index","262512","7EA30B777A52BCEB02432834C2E2A42CBA40DA3765FECAA1DCB3A27702D9D079"
"edge-test","edge-test\SmartScreen\RemoteData\customSettings","47","D8D672F953E823063955BD9981532FC3453800C2E74C0CC3653D091088ABD3B3"
"edge-test","edge-test\SmartScreen\RemoteData\customSettings_F95BA787499AB4FA9EFFF472CE383A14","35","2BAE8302F9BD2D87AE26ACF692663DF1639B8E2068157451DA4773BD8BD30A2B"
"edge-test","edge-test\SmartScreen\RemoteData\edgeSettings","18","42CCB5159B168DBE5D5DDF026E5F7ED3DBF50873CFE47C7C3EF0677BB07B90D4"
"edge-test","edge-test\SmartScreen\RemoteData\edgeSettings_2.0-0","3552","E6BEB5AC43DFA3E05CA3C40C4E5DE7D763E2E0580203AD9034C6F0527AC0E45B"
"edge-test","edge-test\SmartScreen\RemoteData\topTraffic","50","EB28E8ED7C014F211BD81308853F407DF86AEBB5F80F8E4640C608CD772544C2"
"edge-test","edge-test\SmartScreen\RemoteData\topTraffic_170540185939602997400506234197983529371","575056","C1CE928FBEF4EF5A4207ABAFD9AB6382CC29D11DDECC215314B0522749EF6A5A"
"extend_esc_body.js","extend_esc_body.js","1154","D3C57040E704AB7A52DEBB82C2C1EB7EE102605A1F2CD160AB28BB2AF503A3A3"
"final_railing_fix.js","final_railing_fix.js","1404","CBE0E4191BABA1F8EF28AA3ABAD51F0B1C7A6923FFEAEDF5226B47D5605E9027"
"fix_mall.js","fix_mall.js","1481","9EA3A4F1E0A10492383845E612DB822F0C74DC04273FD08AD57E945FF8E64154"
"index.backup_before_modularization.html","index.backup_before_modularization.html","626481","658EE8DADB5F77D737CE7DB2DF7DE7435036A8B1A2151A9F390CAFAC19B6AD6A"
"index.backup-20260503-170154.html","index.backup-20260503-170154.html","333643","ABEB0FAEBC0C2321246A9402945E4CC60FAD624F713A1D06324A112C1974A1F8"
"index.backup-20260504-023719.html","index.backup-20260504-023719.html","346427","067BB503439100A4D661FAA1E987157214AF24F3FE6ABC8EB797EA73829717A6"
"index.backup-20260508-111036.html","index.backup-20260508-111036.html","430297","867E7B800408711C6BC8C3C20B50FFEA9A952B82DD0556FD0FAE728E1AAA1AB6"
"index_BACKUP_PERFECTO.html","index_BACKUP_PERFECTO.html","457264","BC1A40CFDAEC94172D25BBF70163B3E7D7C32912129A361AC7FC9329A76A7599"
"index_BKP_.html","index_BKP_.html","558289","73C4517A7AB15EB1BD0F9F9DFE1BAA4EA960AFCE3A6FDBD1F59BFEAEEBCFBB53"
"index_BKP_20260425_011822.html","index_BKP_20260425_011822.html","203647","1C7D595B156F08EAF257DA5323486AAB7F1C251BE453DE94E4AE9A033B3EA9A7"
"index_BKP_20260425_021047.html","index_BKP_20260425_021047.html","205370","9BA571CBCBCEDD798E4510BCA79DD9BD322C37574CF08F1F0CF9E1177178F011"
"index_BKP_20260425_122839.html","index_BKP_20260425_122839.html","215661","72FF112D7799E9A0325C6D144229AE451DFF3F9443F3E833E954F611FE7AB99D"
"index_BKP_20260425_130434.html","index_BKP_20260425_130434.html","218719","6409B2C0184AA5B686EBCCECE37E23299F65EB20941225031E8476A38F2C11A3"
"index_BKP_20260425_223603.html","index_BKP_20260425_223603.html","229842","EB71D1E45DF66A65D2247C0523E7D1E974B3A50488A3DD4F9053A7BCFC300089"
"index_BKP_20260506_NAV_FIXED.html","index_BKP_20260506_NAV_FIXED.html","411632","A222B2D4C1EC339AB4F786054EB3812ACFE618F965D4E238EDE7A2AECCB4B905"
"index_BKP_20260513_ESTABLE_ANCHORS.html","index_BKP_20260513_ESTABLE_ANCHORS.html","463270","24DF5B4D0AAC644B335B738FAEE54A9480B2509DE0C60D655F56B39E8757F971"
"index_BKP_20260513_FIXED_AND_PERFECT_SOUTH.html","index_BKP_20260513_FIXED_AND_PERFECT_SOUTH.html","464583","43E0D08C9DD1088F445FBA114E0D5574DE5E96FDD76040A31FCD39A88AF9377B"
"index_BKP_20260514_PERFECT_BOTTOM_HANDRAILS.html","index_BKP_20260514_PERFECT_BOTTOM_HANDRAILS.html","467132","75C2C8EBC4B4D8D0036FAE8882C03F69D852872CB3AD4C69A1F0572DF260C689"
"index_BKP_20260514_SEAMLESS_ESCALATORS - Copia de seguridad.html","index_BKP_20260514_SEAMLESS_ESCALATORS - Copia de seguridad.html","539663","881295785914F374D07836974D4692F442F50A85BC324D5F70B1A82658690484"
"index_BKP_20260514_SEAMLESS_ESCALATORS.html","index_BKP_20260514_SEAMLESS_ESCALATORS.html","539663","881295785914F374D07836974D4692F442F50A85BC324D5F70B1A82658690484"
"index_BKP_20260515.html","index_BKP_20260515.html","559147","4E914859272DA5D478ED8E6F684C13D109A9A6DAC1B4BBDD59E748CF27DE9B2A"
"index_BKP_20260515_SPAWN_PERFECTO.html","index_BKP_20260515_SPAWN_PERFECTO.html","560131","FBD1FE28C8D50036A4C693E627377C93CFB8182A784EDAD046F71532B3863225"
"index_BKP_20260516.html","index_BKP_20260516.html","560508","ED21C1FE1FAC01654EC057007D9A1C624AF38A5E02D41ACE0C79343E175F888E"
"index_BKP_20260519_192751.html","index_BKP_20260519_192751.html","555700","30314C2E36A7749D7CC7AB9576EC0DE3D0E8C3BE7F1B8A28DF37FBBF6E4F2FCE"
"index_BKP_20260519_203957_STORE_PLAN.html","index_BKP_20260519_203957_STORE_PLAN.html","560054","67D84941F8ECB2EA115D624B3ED2F5D789E168007632C9E50372F4012D069846"
"index_BKP_20260519_214044_BEFORE_O105_TO_S-101.html","index_BKP_20260519_214044_BEFORE_O105_TO_S-101.html","558286","500EAAC198BCC9E51F3892D4B28F66A4919036AD825500DE0DD847D89940F4DD"
"index_BKP_20260519_215056_BEFORE_E105_TO_S-102.html","index_BKP_20260519_215056_BEFORE_E105_TO_S-102.html","558500","E584C9C55A4BE90F3C235DB518DF62C61CCA1827635634C0FC3E60F526E5BD08"
"index_BKP_20260519_215918_BEFORE_O104_TO_S-103.html","index_BKP_20260519_215918_BEFORE_O104_TO_S-103.html","558527","50DE853B58E290FD40AE8DABC54F19BACED781ED7810FF83F28064761B541024"
"index_BKP_20260519_220531_BEFORE_E104_TO_S-104.html","index_BKP_20260519_220531_BEFORE_E104_TO_S-104.html","558554","0EA8E5EECFB982FC69F36F7DCD329EDB9FEBC7DD659BFAE8207E736F335C97CF"
"index_BKP_20260519_221532_BEFORE_O103_TO_S-105.html","index_BKP_20260519_221532_BEFORE_O103_TO_S-105.html","558581","2BF55101494F1B23F65E7BDAC22B455929C223B0EF8A55248659FC70A2E5E23E"
"index_BKP_20260519_221948_BEFORE_E103_TO_S-106.html","index_BKP_20260519_221948_BEFORE_E103_TO_S-106.html","558608","3B9290375614CE58203527FAA7FEC676CF46B259BA0A5988AA40E98A821A98C3"
"index_BKP_20260519_222313_BEFORE_O102_TO_S-107.html","index_BKP_20260519_222313_BEFORE_O102_TO_S-107.html","558635","5D0A2EC22A50BAFCBB10540BB58DF2E9555D86B413907D20B443AB813E4799FE"
"index_BKP_20260519_222546_BEFORE_E102_TO_S-108.html","index_BKP_20260519_222546_BEFORE_E102_TO_S-108.html","558662","BB392ABDF6F368F0410D89CEB076C4B921C49D2240C3192F2A6277E525C74F96"
"index_BKP_20260519_223356_BEFORE_O101_TO_SE-10.html","index_BKP_20260519_223356_BEFORE_O101_TO_SE-10.html","558689","473FC03F70B478D77A1A4CE65C6FBB9DF5724201081D0A01D97838F7B59C68FE"
"index_BKP_20260519_223748_BEFORE_E101_TO_OS-10.html","index_BKP_20260519_223748_BEFORE_E101_TO_OS-10.html","558750","F246F61BFACE3B36FF03DC6D3C7A860F0DC140F88609DF9AF57D029DD16B1EA0"
"index_BKP_20260519_224756_BEFORE_S105_TO_O-101.html","index_BKP_20260519_224756_BEFORE_S105_TO_O-101.html","558777","0EC519DF8205D27267366E4D99134D23241341581212B47B7EC8800847E8247C"
"index_BKP_20260519_225227_BEFORE_N105_TO_O-102.html","index_BKP_20260519_225227_BEFORE_N105_TO_O-102.html","558804","2A44D8CC139C07F181EC048573F832F4F78338B1F33A9FC2E57199AD290C30D6"
"index_BKP_20260519_230708_BEFORE_WEST_ARM_BATCH.html","index_BKP_20260519_230708_BEFORE_WEST_ARM_BATCH.html","558831","28EB8DD55B867BB4278DC6F2F7646083ABD371D6CB43F997EB275CE0B8C79A1C"
"index_BKP_20260520_140433_FIRST_FLOOR_OK.html","index_BKP_20260520_140433_FIRST_FLOOR_OK.html","569030","C96C8184094A98FC08FB0D396733B27964474216FE3DB33F6CD4833DC2EB0F88"
"index_BKP_20260520_164500_FULL_STORE_IDENTIFICATION.html","index_BKP_20260520_164500_FULL_STORE_IDENTIFICATION.html","572692","BB4D524F4C57D8BE936F21C2967FB39FE0200536499C074C8B7E4E02328C1ADB"
"index_BKP_20260520_225123_STRUCTURAL_WALLS_AND_RAILS.html","index_BKP_20260520_225123_STRUCTURAL_WALLS_AND_RAILS.html","575519","EC48A118C84E1A9CA5490459399367E69B08D0E48BC1A5B4EFCFF87239D4AD97"
"index_BKP_VERCEL_FUNCIONAL.html","index_BKP_VERCEL_FUNCIONAL.html","115035","67DAC7A10AF6ACD08CC234C2FB02BCCDF27EAD042E32B76AC4F535CBCA0F928A"
"index_clean.html","index_clean.html","919942","50A87857E4135B8FEB47734F6C95B985ED77C7E725A381BF7A90613FA6FDBD6F"
"index_ESTABLE.html","index_ESTABLE.html","9639","52FA82B73BC38B61177036B6AB69EA0392934320B9F2E07B8EC9D35184B4AE26"
"index_fixed.html","index_fixed.html","59","84F72618510457D76E07C7192611D752F3764288937D4AE218CBB18F92770871"
"index_html_BKP_20260424_193708.html","index_html_BKP_20260424_193708.html","123193","48836A9B447AE7EBE35A1F78C30476CC6AE8A5535B92B25325BD94340C6D430F"
"index_OLD.html","index_OLD.html","70309","A3BB79E9AF260C88B221A8BABCCAB2F06DC7D2951BC5E47691948F5823AEF207"
"index_pro.html","index_pro.html","129740","80C5034B2FA9FDB823166D05BD25017F2D8D4EB6E91F8041A7384D911A6FAAE1"
"index_pro_BKP_20260408_231740.html","index_pro_BKP_20260408_231740.html","62730","79DA33E9C30ADC77E4A9506907E487506DD317BAAB0EF4B508253F7D9AB96374"
"index_pro_BKP_20260408_234032.html","index_pro_BKP_20260408_234032.html","62730","79DA33E9C30ADC77E4A9506907E487506DD317BAAB0EF4B508253F7D9AB96374"
"index_pro_BKP_20260408_235556_DOME_SYNC.html","index_pro_BKP_20260408_235556_DOME_SYNC.html","64603","9B3AB67DA161E6D9822389537B40DF3E3F139EDE8DC671238EC9A42E4C60B82A"
"index_pro_BKP_20260409_001127_RINGS_REBUILD.html","index_pro_BKP_20260409_001127_RINGS_REBUILD.html","64603","9B3AB67DA161E6D9822389537B40DF3E3F139EDE8DC671238EC9A42E4C60B82A"
"index_pro_BKP_20260409_003432_RING_WELD_TARGETS.html","index_pro_BKP_20260409_003432_RING_WELD_TARGETS.html","64595","B74CCF5A5311D8DB63EEE9352EACE7244E2C7B22CF6FBA034C2ECA0B63904FCC"
"index_pro_BKP_20260409_004921_TOP_RING_UP10.html","index_pro_BKP_20260409_004921_TOP_RING_UP10.html","65383","7E491D9DA794CB3A68F651CDF30E7233A9753774A0FAEBE8A4BA7266D5030713"
"index_pro_BKP_20260413_003118_BOULEVARD_NPC_SYSTEM.html","index_pro_BKP_20260413_003118_BOULEVARD_NPC_SYSTEM.html","110759","2CB503EF7A14CB3529DADBA66001DCE116D6BC0EB9862220009CEDFC0BD94C72"
"index_pro_BKP_20260506.html","index_pro_BKP_20260506.html","129740","80C5034B2FA9FDB823166D05BD25017F2D8D4EB6E91F8041A7384D911A6FAAE1"
"index_pro_BKP_ESCALERAS_PARALELAS_Y_CUPULAS.html","index_pro_BKP_ESCALERAS_PARALELAS_Y_CUPULAS.html","62698","6FF190359D06631F0BE530DEF92A75574C15173925E7351C6F842A96C8EB9685"
"index_pro_BKP_ESTADO_BASE_REMUDELACION.html","index_pro_BKP_ESTADO_BASE_REMUDELACION.html","61593","7B3F03E25826CBC8905487B8BFC49DD2D33758C4AAB361A73BEBE917FE2EC870"
"index_pro_BKP_MAESTRO.html","index_pro_BKP_MAESTRO.html","19192","B5ACC151A4BDF12F596F9E6A0FD2D81D8793AE440092EF61AF01AA30E65CE043"
"index_pro_BKP_MAESTRO_V4_Surgical.html","index_pro_BKP_MAESTRO_V4_Surgical.html","22554","1F1B86E3A6F818B81CBCFD4FF683F6AE1B57C5F0941A0CCBC8155271B169261E"
"index_pro_BKP_MAESTRO_V5_Quads.html","index_pro_BKP_MAESTRO_V5_Quads.html","26731","C114E7CF00BD4917079B6819E3F997782DDC9617EC23D54A35C3BA4EDFD6B039"
"index_pro_BKP_SISTEMATICO_V1.html","index_pro_BKP_SISTEMATICO_V1.html","13415","CD3327AC374711FD72982C64D2E417E49BE3C2686BB1C4DFE43E0DF4E14FEDDA"
"index_pro_BKP_SISTEMATICO_V10_Expanded_Atrium.html","index_pro_BKP_SISTEMATICO_V10_Expanded_Atrium.html","39596","20F995CF9C11CE8A80E03AEC2E354AAE686EB6E0272DE1C7E046A19E989405D5"
"index_pro_BKP_SISTEMATICO_V11_Tunnel_Effect_Full.html","index_pro_BKP_SISTEMATICO_V11_Tunnel_Effect_Full.html","39543","12C18772EE770EC563289B2965A2996C4E42498C92A1605196888937FF7E6D32"
"index_pro_BKP_SISTEMATICO_V12_Corner_Fix_Tunnel_End.html","index_pro_BKP_SISTEMATICO_V12_Corner_Fix_Tunnel_End.html","40018","7E56F1E768184A25DEEEE31E2E3E65C02C574341288D3532999F7D80B2E77272"
"index_pro_BKP_SISTEMATICO_V13_Domo_Final_Estructura.html","index_pro_BKP_SISTEMATICO_V13_Domo_Final_Estructura.html","40107","C7EDB59DCA495077C6E74C5B0B00F370C7CD263616BA5AD2A6BC259E37BC37F2"
"index_pro_BKP_SISTEMATICO_V3.html","index_pro_BKP_SISTEMATICO_V3.html","12750","A1B3A6479676DFF153A3BB43E90775656CDA09D31D204F3395F4B0529B8447A6"
"index_pro_BKP_SISTEMATICO_V4_Floor_Fix.html","index_pro_BKP_SISTEMATICO_V4_Floor_Fix.html","26732","25DDA324460D9C5F0E2077DE370A97FF418F99A517928988CDBAC2104BA89E03"
"index_pro_BKP_SISTEMATICO_V5_Industrial_Facade.html","index_pro_BKP_SISTEMATICO_V5_Industrial_Facade.html","28809","A37189CD6D07E8D282A70D42201C39DE2CF4C01CAC1F28EE019C4867911662AF"
"index_pro_BKP_SISTEMATICO_V6_Raised_Roof.html","index_pro_BKP_SISTEMATICO_V6_Raised_Roof.html","28809","CBEFB6B0649815F85A4A1C98917F8278C31CAAD81F1B2E3127F09B84456827F1"
"index_pro_BKP_SISTEMATICO_V7_Urbanism_Fountain_Lighting.html","index_pro_BKP_SISTEMATICO_V7_Urbanism_Fountain_Lighting.html","34213","0CAA2281B619D828BCFAEE2AED445D02FB9A8D9F47A84B7B7FAC1E537C2D4535"
"index_pro_BKP_SISTEMATICO_V8_Advertising_System.html","index_pro_BKP_SISTEMATICO_V8_Advertising_System.html","35593","C79B8BDDA438B5C70F18CC087BE0E1CE6E2EA4EB6A1A0C6DCAD14A9F3B8648FD"
"index_pro_BKP_SISTEMATICO_V9_Transport_Vertical.html","index_pro_BKP_SISTEMATICO_V9_Transport_Vertical.html","40176","6119F1A402747677096D6706D34287BF858828D453A55961002167D3E1843C23"
"index_pro_BKP_VERCEL_FUNCIONAL.html","index_pro_BKP_VERCEL_FUNCIONAL.html","115035","67DAC7A10AF6ACD08CC234C2FB02BCCDF27EAD042E32B76AC4F535CBCA0F928A"
"index_pro_ESTABLE.html","index_pro_ESTABLE.html","12678","AE12C3B79CDB287AF9BEE94422C3397BEBE5C91B8CF50493561C2DE282E4877F"
"index_pro_ROTA_CON_SUPABASE.html","index_pro_ROTA_CON_SUPABASE.html","171800","353426AC8388F853BD05112B4B25615E24E005C075918B42E1BE55ECF2837845"
"index_ROTA_CON_SUPABASE.html","index_ROTA_CON_SUPABASE.html","173663","8A18B2E94495B5B4072BA19B3D7FCAE9E7D454082309D9FC0222DE23C4B8E8EE"
"index_ROTA_CON_SUPABASE_BKP_20260424_161824.html","index_ROTA_CON_SUPABASE_BKP_20260424_161824.html","173663","8A18B2E94495B5B4072BA19B3D7FCAE9E7D454082309D9FC0222DE23C4B8E8EE"
"join_top_curve.js","join_top_curve.js","1036","45F8E7495586CFFFBDA43BA7D2C5E97F0445C1320477BD3EE2248019D0BAABAE"
"js\mall\mall-constants.backup-20260522-zoom.js","js\mall\mall-constants.backup-20260522-zoom.js","19450","21981B5A1B7B32A6006CE797BF1F538871D61B42F0245F227F97720C7CD75F83"
"js\mall\mall-navigation.backup-20260522.js","js\mall\mall-navigation.backup-20260522.js","13883","73F78728C62A98A5172EDA6234F19CA6711AEB7A3517EE3D37F3AD0879CD6FDA"
"js\mall\mall-navigation.backup-20260522-zoom.js","js\mall\mall-navigation.backup-20260522-zoom.js","16841","7541F66973A67BE769BC4503AF14475C489F36AEF003DE5B58EA1A7A4CE15A3F"
"js\mall\mall-npc.backup-20260522.js","js\mall\mall-npc.backup-20260522.js","17637","E514B03DDCB866842BDF59F9BB5C126CD37075E7940834A1A8EDC428B4A7A810"
"js\mall\mall-physics.backup-20260522.js","js\mall\mall-physics.backup-20260522.js","6093","DEA81DEB2D4F904741CE6CD7BD84A490C110E3D732366FBBDCB0E15DC95B068B"
"js\mall\mall-world.backup-20260522-zoom.js","js\mall\mall-world.backup-20260522-zoom.js","190432","D1BFB3EAFE51692E49404E85DA5C45ACE97C60322EE84D4F700FD9C3F05D4690"
"patch.py","patch.py","2965","607009EEE8E7811C2B62B57F70E7C46E627CA209DEC1C4B73699BB1C57B78BFA"
"pc-optimization-backup-20260723","pc-optimization-backup-20260723\disable-rav-services.ps1","1028","491DA8F57F753AC51D8A2A6A8BA74B93CAE33273DFA6B126ADBCF2B379295C78"
"pc-optimization-backup-20260723","pc-optimization-backup-20260723\HKCU-Run-before.reg","2142","2857FE4ED6B62BA5A6121AF3526D5B7368211A4A5BE59A20E69210F426E32914"
"pc-optimization-backup-20260723","pc-optimization-backup-20260723\mysql-uninstall-results.log","327","B62DC424872BF2F65C1923EEA2748394DC7D0A1343C8770FEA9505975C895D71"
"pc-optimization-backup-20260723","pc-optimization-backup-20260723\Ollama.lnk","2166","F8614D912ED58AB4E380737BFB1763CBCBD337023311CBD726EFCE9436723B54"
"pc-optimization-backup-20260723","pc-optimization-backup-20260723\rav-services-disabled.log","385","E35C54262493AF5C8B156EFC23DC2BBDC8B8C8FEF69A7EDE77FB886163C1B687"
"pc-optimization-backup-20260723","pc-optimization-backup-20260723\uninstall-mysql-unused.ps1","1416","7C68C03292C8AA255B855E54691F369EC476D126F87371868253567013EF91BF"
"pc-optimization-backup-20260723","pc-optimization-backup-20260723\startup-global\McAfee Security Scan Plus.lnk","2171","D7EE2BD92D634CFE46D269B15DD2903F2311598A73A46CF8B4D4ACBACC198FB3"
"pc-optimization-backup-20260723","pc-optimization-backup-20260723\startup-global\Precargador WinZip.lnk","1957","012BE639005D87DE5BD1B181024037DACE1EA19126D7E6402171718CC50D5168"
"pc-optimization-backup-20260723","pc-optimization-backup-20260723\startup-global\Wondershare PEScreenshot.lnk","1294","4FAD4A398FFADD6062163F36D0F317A938DC0C51418A6F97B647E3947FF2D9A1"
"pc-optimization-backup-20260723","pc-optimization-backup-20260723\startup-global\Wondershare PEToolbox.lnk","1288","844ACF6E80F059E7433447711C35205B83FEBF3A10E129D5764A41543F49112C"
"precision_geometry_top.js","precision_geometry_top.js","1239","62AF459AC8D1C7392C9FDD08603F701F27260916661A467FD1C105BE64E3E45D"
"preview_escalas_inicial.png","preview_escalas_inicial.png","658705","3F97382B6EF6FC9DF3C94A5C780685E145F2D67AD6511B63BFD7043226D1090F"
"reapply_fix.js","reapply_fix.js","2308","9A11BA2A7434CE799A185B8FD7D71269FE6138E25D13313E31D9A036966A92D6"
"refine_return_metal.js","refine_return_metal.js","1209","A5717994945353A688EA52EC95E361C6FEDBE4A581974ABD70885550F8047D04"
"remove_blocking_bar.js","remove_blocking_bar.js","1909","4CCE6C4FB876B7878D835BC929D3B3C16B02156B33979684056C207D21DDD706"
"restore_railings.js","restore_railings.js","3042","8E53BF6BFA0A4620AD310AEF3F67DD938F7EAACE64A2ADA837863F217321A810"
"rota_current_extracted.js","rota_current_extracted.js","131767","A9EF2355101A75187CD867B8383B0FF7C0134AFA5997B040458180502843F7FA"
"rota_extracted.js","rota_extracted.js","133534","86329758FD96FB683EA7DB994E93058865EE58DAAAC7C77ACB7D67802EE6EC09"
"rota_pro_extracted.js","rota_pro_extracted.js","131766","BC2948AE5A3D81AF594C625C8E48D4925811F1B2B68FCC036790A47874DE8F0A"
"set_detail_view.js","set_detail_view.js","704","851D258770E1DBE3311CACFD8212A22F5D6FB5C2792A9F559FE3CF83F38B2D71"
"set_top_angle.js","set_top_angle.js","951","BB2BACC08445AD20AE6862528A897560BD70E78AD69DD969645081873D8D8D6C"
"store.html","store.html","50155","F769B84B21EF887EFBED8B5FE17AC19668C8DC6DE8827232F02FE830E20C3EEA"
"supabase_backup_20260508-111036","supabase_backup_20260508-111036\admin_delete_accounts.sql","4083","EB1B637B526B4A83C4F1EFE231F85F1720FB6235AF29F1912993E48D8BD6A007"
"supabase_backup_20260508-111036","supabase_backup_20260508-111036\admin_enable_current_schema.sql","5949","67ADE958421A273405E16F81F6192CCFCBDF71B11D0D2FD684EAEF6B750C9B43"
"supabase_backup_20260508-111036","supabase_backup_20260508-111036\mall_access_schema.sql","10530","A49D0AB3BCA22EDCECA29236203E1C903A00AD03FA6C031E83910A40E7D0BF68"
"supabase_backup_20260508-111036","supabase_backup_20260508-111036\store_assets_storage.sql","1483","5D72FC0476A9CE4CBD9F7663F825BB189FF36784E4DA2EF21E542C5D1922289A"
"supabase_backup_20260508-111036","supabase_backup_20260508-111036\store_products_local_code_fix.sql","1351","70573A8195E42D72CA13172B371BF2ECBB39F5CAA57969A560E5DD72B5A9046F"
"temp_check.js","temp_check.js","430023","5EAF14F866DA5087B2C400AE6FB4810EFA35DF979BF70FEF19B297ADEF664514"
"utils.js","utils.js","717","D5E5B08AC3684A65AA3EB855DE5E8364CE379129D3FAD172D1F5E8D2C014B12F"
